ID_Gasto,Fecha,Monto,Descripcion,Persona,Categoria,Subcategoria,Tipo de Gasto,Notas
DEMO-20260920-1479,2026-09-20,192.25,Gasolina / Carga de combustible,Persona A,Transporte,Combustible,Variable Diario,Registro demostración - Transporte
DEMO-20260920-1478,2026-09-20,18.8,Café y postre,Persona B,Comida,Cafetería y Snacks,Variable Diario,Registro demostración - Comida
DEMO-20260920-1477,2026-09-20,375.88,Compra semanal de alimentos y víveres,Persona B,Comida,Supermercado,Variable Diario,Registro demostración - Comida
DEMO-20260919-1476,2026-09-19,38.94,Viajes en Taxi / Transporte,Persona B,Transporte,Transporte Público/App,Variable Diario,Registro demostración - Transporte
DEMO-20260919-1475,2026-09-19,34.23,Café y postre,Persona B,Comida,Cafetería y Snacks,Variable Diario,Registro demostración - Comida
DEMO-20260919-1474,2026-09-19,99.54,Almuerzo/Cena fin de semana,Persona A,Comida,Restaurantes,Variable Diario,Registro demostración - Comida
DEMO-20260918-1473,2026-09-18,28.78,Viajes en Taxi / Transporte,Persona B,Transporte,Transporte Público/App,Variable Diario,Registro demostración - Transporte
DEMO-20260918-1472,2026-09-18,30.56,Café y postre,Persona B,Comida,Cafetería y Snacks,Variable Diario,Registro demostración - Comida
DEMO-20260918-1471,2026-09-18,224.97,Compra semanal de alimentos y víveres,Persona A,Comida,Supermercado,Variable Diario,Registro demostración - Comida
DEMO-20260917-1470,2026-09-17,86.88,Artículos de limpieza y ferretería,Persona B,Hogar,Mantenimiento,Ocasional,Registro demostración - Hogar
DEMO-20260916-1469,2026-09-16,29.26,Café y postre,Persona B,Comida,Cafetería y Snacks,Variable Diario,Registro demostración - Comida
DEMO-20260915-1468,2026-09-15,51.2,Libros y entretenimiento,Persona B,Ocio,Hobbies,Ocasional,Registro demostración - Ocio
DEMO-20260915-1467,2026-09-15,28.51,Viajes en Taxi / Transporte,Persona B,Transporte,Transporte Público/App,Variable Diario,Registro demostración - Transporte
DEMO-20260914-1466,2026-09-14,77.52,Almuerzo/Cena fin de semana,Persona B,Comida,Restaurantes,Variable Diario,Registro demostración - Comida
DEMO-20260914-1465,2026-09-14,90.93,Artículos de limpieza y ferretería,Persona B,Hogar,Mantenimiento,Ocasional,Registro demostración - Hogar
DEMO-20260913-1464,2026-09-13,110.05,Almuerzo/Cena fin de semana,Persona B,Comida,Restaurantes,Variable Diario,Registro demostración - Comida
DEMO-20260912-1463,2026-09-12,159.7,Curso online de especialización,Persona A,Educación,Cursos y Certificaciones,Ocasional,Registro demostración - Educación
DEMO-20260912-1462,2026-09-12,33.12,Viajes en Taxi / Transporte,Persona B,Transporte,Transporte Público/App,Variable Diario,Registro demostración - Transporte
DEMO-20260911-1461,2026-09-11,41.24,Viajes en Taxi / Transporte,Persona B,Transporte,Transporte Público/App,Variable Diario,Registro demostración - Transporte
DEMO-20260911-1460,2026-09-11,254.06,Compra semanal de alimentos y víveres,Persona B,Comida,Supermercado,Variable Diario,Registro demostración - Comida
DEMO-20260910-1457,2026-09-10,166.41,Gasolina / Carga de combustible,Persona A,Transporte,Combustible,Variable Diario,Registro demostración - Transporte
DEMO-20260910-1456,2026-09-10,159.58,Almuerzo/Cena fin de semana,Persona B,Comida,Restaurantes,Variable Diario,Registro demostración - Comida
DEMO-20260910-1458,2026-09-10,27.55,Viajes en Taxi / Transporte,Persona B,Transporte,Transporte Público/App,Variable Diario,Registro demostración - Transporte
DEMO-20260910-1459,2026-09-10,103.63,Cine / Concierto / Teatro,Persona A,Ocio,Salidas y Eventos,Ocasional,Registro demostración - Ocio
DEMO-20260908-1455,2026-09-08,23.68,Viajes en Taxi / Transporte,Persona B,Transporte,Transporte Público/App,Variable Diario,Registro demostración - Transporte
DEMO-20260908-1454,2026-09-08,54.79,Pedido de comida por app,Persona A,Comida,Delivery,Variable Diario,Registro demostración - Comida
DEMO-20260907-1453,2026-09-07,32.55,Viajes en Taxi / Transporte,Persona B,Transporte,Transporte Público/App,Variable Diario,Registro demostración - Transporte
DEMO-20260907-1452,2026-09-07,30.02,Café y postre,Persona B,Comida,Cafetería y Snacks,Variable Diario,Registro demostración - Comida
DEMO-20260907-1451,2026-09-07,149.76,Almuerzo/Cena fin de semana,Persona B,Comida,Restaurantes,Variable Diario,Registro demostración - Comida
DEMO-20260906-1450,2026-09-06,21.39,Café y postre,Persona B,Comida,Cafetería y Snacks,Variable Diario,Registro demostración - Comida
DEMO-20260906-1449,2026-09-06,106.68,Almuerzo/Cena fin de semana,Persona A,Comida,Restaurantes,Variable Diario,Registro demostración - Comida
DEMO-20260905-1446,2026-09-05,164.66,Prendas de vestir / Calzado,Persona A,Ropa y Calzado,Vestimenta,Ocasional,Registro demostración - Ropa y Calzado
DEMO-20260905-1444,2026-09-05,15.56,Viajes en Taxi / Transporte,Persona B,Transporte,Transporte Público/App,Variable Diario,Registro demostración - Transporte
DEMO-20260905-1441,2026-09-05,1400.0,Alquiler de departamento,Persona B,Hogar,Alquiler,Fijo Mensual,Registro demostración - Hogar
DEMO-20260905-1442,2026-09-05,192.28,Recibo de Luz y Agua,Persona A,Hogar,Servicios Básicos,Fijo Mensual,Registro demostración - Hogar
DEMO-20260905-1443,2026-09-05,125.57,Internet fibra óptica y telefonía,Persona B,Hogar,Internet/Telefonía,Fijo Mensual,Registro demostración - Hogar
DEMO-20260905-1447,2026-09-05,359.22,Cuota amortización de deuda,Persona B,Deuda,Tarjeta de Crédito,Fijo Mensual,Registro demostración - Deuda
DEMO-20260905-1445,2026-09-05,46.3,Suscripción Netflix & Spotify,Persona A,Ocio,Streaming,Fijo Mensual,Registro demostración - Ocio
DEMO-20260905-1448,2026-09-05,582.79,Aporte a fondo de inversión / ahorro,Persona B,Ahorro/Inversión,Fondo de Emergencia,Fijo Mensual,Registro demostración - Ahorro/Inversión
DEMO-20260904-1440,2026-09-04,33.25,Café y postre,Persona B,Comida,Cafetería y Snacks,Variable Diario,Registro demostración - Comida
DEMO-20260904-1439,2026-09-04,154.29,Artículos de limpieza y ferretería,Persona B,Hogar,Mantenimiento,Ocasional,Registro demostración - Hogar
DEMO-20260903-1437,2026-09-03,149.82,Gasolina / Carga de combustible,Persona A,Transporte,Combustible,Variable Diario,Registro demostración - Transporte
DEMO-20260903-1438,2026-09-03,44.31,Viajes en Taxi / Transporte,Persona B,Transporte,Transporte Público/App,Variable Diario,Registro demostración - Transporte
DEMO-20260902-1434,2026-09-02,98.96,Almuerzo/Cena fin de semana,Persona A,Comida,Restaurantes,Variable Diario,Registro demostración - Comida
DEMO-20260902-1433,2026-09-02,75.73,Artículos de limpieza y ferretería,Persona B,Hogar,Mantenimiento,Ocasional,Registro demostración - Hogar
DEMO-20260902-1436,2026-09-02,17.52,Viajes en Taxi / Transporte,Persona B,Transporte,Transporte Público/App,Variable Diario,Registro demostración - Transporte
DEMO-20260902-1435,2026-09-02,179.09,Gasolina / Carga de combustible,Persona A,Transporte,Combustible,Variable Diario,Registro demostración - Transporte
DEMO-20260901-1432,2026-09-01,16.2,Viajes en Taxi / Transporte,Persona B,Transporte,Transporte Público/App,Variable Diario,Registro demostración - Transporte
DEMO-20260831-1431,2026-08-31,268.09,Periféricos y gadgets,Persona A,Tecnología,Accesorios,Ocasional,Registro demostración - Tecnología
DEMO-20260830-1430,2026-08-30,82.31,Medicamentos y cuidado personal,Persona B,Salud,Farmacia,Variable Diario,Registro demostración - Salud
DEMO-20260830-1429,2026-08-30,117.85,Cine / Concierto / Teatro,Persona B,Ocio,Salidas y Eventos,Ocasional,Registro demostración - Ocio
DEMO-20260830-1428,2026-08-30,16.65,Café y postre,Persona B,Comida,Cafetería y Snacks,Variable Diario,Registro demostración - Comida
DEMO-20260829-1427,2026-08-29,25.19,Viajes en Taxi / Transporte,Persona B,Transporte,Transporte Público/App,Variable Diario,Registro demostración - Transporte
DEMO-20260829-1426,2026-08-29,44.4,Pedido de comida por app,Persona A,Comida,Delivery,Variable Diario,Registro demostración - Comida
DEMO-20260828-1425,2026-08-28,29.65,Viajes en Taxi / Transporte,Persona B,Transporte,Transporte Público/App,Variable Diario,Registro demostración - Transporte
DEMO-20260826-1424,2026-08-26,35.04,Pedido de comida por app,Persona A,Comida,Delivery,Variable Diario,Registro demostración - Comida
DEMO-20260825-1423,2026-08-25,25.24,Café y postre,Persona B,Comida,Cafetería y Snacks,Variable Diario,Registro demostración - Comida
DEMO-20260824-1422,2026-08-24,104.32,Medicamentos y cuidado personal,Persona A,Salud,Farmacia,Variable Diario,Registro demostración - Salud
DEMO-20260823-1421,2026-08-23,29.26,Viajes en Taxi / Transporte,Persona B,Transporte,Transporte Público/App,Variable Diario,Registro demostración - Transporte
DEMO-20260823-1420,2026-08-23,17.09,Café y postre,Persona B,Comida,Cafetería y Snacks,Variable Diario,Registro demostración - Comida
DEMO-20260823-1419,2026-08-23,127.65,Almuerzo/Cena fin de semana,Persona A,Comida,Restaurantes,Variable Diario,Registro demostración - Comida
DEMO-20260822-1418,2026-08-22,21.84,Café y postre,Persona B,Comida,Cafetería y Snacks,Variable Diario,Registro demostración - Comida
DEMO-20260821-1417,2026-08-21,22.1,Café y postre,Persona B,Comida,Cafetería y Snacks,Variable Diario,Registro demostración - Comida
DEMO-20260820-1416,2026-08-20,175.89,Cine / Concierto / Teatro,Persona A,Ocio,Salidas y Eventos,Ocasional,Registro demostración - Ocio
DEMO-20260819-1412,2026-08-19,24.33,Café y postre,Persona B,Comida,Cafetería y Snacks,Variable Diario,Registro demostración - Comida
DEMO-20260819-1411,2026-08-19,92.85,Almuerzo/Cena fin de semana,Persona B,Comida,Restaurantes,Variable Diario,Registro demostración - Comida
DEMO-20260819-1413,2026-08-19,194.42,Gasolina / Carga de combustible,Persona A,Transporte,Combustible,Variable Diario,Registro demostración - Transporte
DEMO-20260819-1414,2026-08-19,42.54,Viajes en Taxi / Transporte,Persona B,Transporte,Transporte Público/App,Variable Diario,Registro demostración - Transporte
DEMO-20260819-1415,2026-08-19,142.01,Consulta odontológica / médica,Persona A,Salud,Consultas Médicas,Ocasional,Registro demostración - Salud
DEMO-20260818-1410,2026-08-18,39.75,Viajes en Taxi / Transporte,Persona B,Transporte,Transporte Público/App,Variable Diario,Registro demostración - Transporte
DEMO-20260817-1409,2026-08-17,106.98,Libros y entretenimiento,Persona B,Ocio,Hobbies,Ocasional,Registro demostración - Ocio
DEMO-20260817-1408,2026-08-17,39.87,Pedido de comida por app,Persona A,Comida,Delivery,Variable Diario,Registro demostración - Comida
DEMO-20260817-1407,2026-08-17,27.75,Café y postre,Persona B,Comida,Cafetería y Snacks,Variable Diario,Registro demostración - Comida
DEMO-20260817-1406,2026-08-17,160.09,Almuerzo/Cena fin de semana,Persona A,Comida,Restaurantes,Variable Diario,Registro demostración - Comida
DEMO-20260816-1403,2026-08-16,124.98,Artículos de limpieza y ferretería,Persona B,Hogar,Mantenimiento,Ocasional,Registro demostración - Hogar
DEMO-20260816-1404,2026-08-16,128.66,Almuerzo/Cena fin de semana,Persona A,Comida,Restaurantes,Variable Diario,Registro demostración - Comida
DEMO-20260816-1405,2026-08-16,295.68,Prendas de vestir / Calzado,Persona A,Ropa y Calzado,Vestimenta,Ocasional,Registro demostración - Ropa y Calzado
DEMO-20260815-1402,2026-08-15,24.31,Viajes en Taxi / Transporte,Persona B,Transporte,Transporte Público/App,Variable Diario,Registro demostración - Transporte
DEMO-20260815-1401,2026-08-15,57.1,Pedido de comida por app,Persona A,Comida,Delivery,Variable Diario,Registro demostración - Comida
DEMO-20260815-1400,2026-08-15,29.95,Café y postre,Persona B,Comida,Cafetería y Snacks,Variable Diario,Registro demostración - Comida
DEMO-20260814-1399,2026-08-14,69.25,Libros y entretenimiento,Persona B,Ocio,Hobbies,Ocasional,Registro demostración - Ocio
DEMO-20260814-1398,2026-08-14,112.47,Almuerzo/Cena fin de semana,Persona B,Comida,Restaurantes,Variable Diario,Registro demostración - Comida
DEMO-20260813-1397,2026-08-13,30.2,Café y postre,Persona B,Comida,Cafetería y Snacks,Variable Diario,Registro demostración - Comida
DEMO-20260813-1396,2026-08-13,103.85,Artículos de limpieza y ferretería,Persona B,Hogar,Mantenimiento,Ocasional,Registro demostración - Hogar
DEMO-20260812-1395,2026-08-12,38.5,Viajes en Taxi / Transporte,Persona B,Transporte,Transporte Público/App,Variable Diario,Registro demostración - Transporte
DEMO-20260811-1394,2026-08-11,132.19,Gasolina / Carga de combustible,Persona A,Transporte,Combustible,Variable Diario,Registro demostración - Transporte
DEMO-20260811-1393,2026-08-11,25.82,Café y postre,Persona B,Comida,Cafetería y Snacks,Variable Diario,Registro demostración - Comida
DEMO-20260810-1390,2026-08-10,320.29,Compra semanal de alimentos y víveres,Persona A,Comida,Supermercado,Variable Diario,Registro demostración - Comida
DEMO-20260810-1391,2026-08-10,157.5,Gasolina / Carga de combustible,Persona A,Transporte,Combustible,Variable Diario,Registro demostración - Transporte
DEMO-20260810-1392,2026-08-10,25.51,Viajes en Taxi / Transporte,Persona B,Transporte,Transporte Público/App,Variable Diario,Registro demostración - Transporte
DEMO-20260809-1389,2026-08-09,37.4,Viajes en Taxi / Transporte,Persona B,Transporte,Transporte Público/App,Variable Diario,Registro demostración - Transporte
DEMO-20260809-1388,2026-08-09,27.09,Café y postre,Persona B,Comida,Cafetería y Snacks,Variable Diario,Registro demostración - Comida
DEMO-20260808-1387,2026-08-08,129.41,Gasolina / Carga de combustible,Persona A,Transporte,Combustible,Variable Diario,Registro demostración - Transporte
DEMO-20260808-1386,2026-08-08,32.48,Café y postre,Persona B,Comida,Cafetería y Snacks,Variable Diario,Registro demostración - Comida
DEMO-20260808-1385,2026-08-08,93.78,Artículos de limpieza y ferretería,Persona A,Hogar,Mantenimiento,Ocasional,Registro demostración - Hogar
DEMO-20260807-1384,2026-08-07,187.59,Consulta odontológica / médica,Persona A,Salud,Consultas Médicas,Ocasional,Registro demostración - Salud
DEMO-20260806-1382,2026-08-06,37.22,Viajes en Taxi / Transporte,Persona B,Transporte,Transporte Público/App,Variable Diario,Registro demostración - Transporte
DEMO-20260806-1380,2026-08-06,260.64,Compra semanal de alimentos y víveres,Persona B,Comida,Supermercado,Variable Diario,Registro demostración - Comida
DEMO-20260806-1381,2026-08-06,159.47,Gasolina / Carga de combustible,Persona A,Transporte,Combustible,Variable Diario,Registro demostración - Transporte
DEMO-20260806-1383,2026-08-06,173.35,Cine / Concierto / Teatro,Persona B,Ocio,Salidas y Eventos,Ocasional,Registro demostración - Ocio
DEMO-20260805-1379,2026-08-05,462.3,Aporte a fondo de inversión / ahorro,Persona B,Ahorro/Inversión,Fondo de Emergencia,Fijo Mensual,Registro demostración - Ahorro/Inversión
DEMO-20260805-1378,2026-08-05,334.13,Cuota amortización de deuda,Persona B,Deuda,Tarjeta de Crédito,Fijo Mensual,Registro demostración - Deuda
DEMO-20260805-1377,2026-08-05,52.71,Suscripción Netflix & Spotify,Persona A,Ocio,Streaming,Fijo Mensual,Registro demostración - Ocio
DEMO-20260805-1376,2026-08-05,32.34,Viajes en Taxi / Transporte,Persona B,Transporte,Transporte Público/App,Variable Diario,Registro demostración - Transporte
DEMO-20260805-1375,2026-08-05,119.64,Almuerzo/Cena fin de semana,Persona B,Comida,Restaurantes,Variable Diario,Registro demostración - Comida
DEMO-20260805-1374,2026-08-05,128.15,Internet fibra óptica y telefonía,Persona B,Hogar,Internet/Telefonía,Fijo Mensual,Registro demostración - Hogar
DEMO-20260805-1373,2026-08-05,173.83,Recibo de Luz y Agua,Persona A,Hogar,Servicios Básicos,Fijo Mensual,Registro demostración - Hogar
DEMO-20260805-1372,2026-08-05,1400.0,Alquiler de departamento,Persona B,Hogar,Alquiler,Fijo Mensual,Registro demostración - Hogar
DEMO-20260804-1370,2026-08-04,130.58,Almuerzo/Cena fin de semana,Persona B,Comida,Restaurantes,Variable Diario,Registro demostración - Comida
DEMO-20260804-1369,2026-08-04,346.05,Compra semanal de alimentos y víveres,Persona A,Comida,Supermercado,Variable Diario,Registro demostración - Comida
DEMO-20260804-1371,2026-08-04,27.11,Café y postre,Persona B,Comida,Cafetería y Snacks,Variable Diario,Registro demostración - Comida
DEMO-20260803-1368,2026-08-03,38.52,Viajes en Taxi / Transporte,Persona B,Transporte,Transporte Público/App,Variable Diario,Registro demostración - Transporte
DEMO-20260803-1367,2026-08-03,236.62,Compra semanal de alimentos y víveres,Persona A,Comida,Supermercado,Variable Diario,Registro demostración - Comida
DEMO-20260802-1366,2026-08-02,306.28,Prendas de vestir / Calzado,Persona A,Ropa y Calzado,Vestimenta,Ocasional,Registro demostración - Ropa y Calzado
DEMO-20260802-1365,2026-08-02,39.04,Viajes en Taxi / Transporte,Persona B,Transporte,Transporte Público/App,Variable Diario,Registro demostración - Transporte
DEMO-20260802-1364,2026-08-02,61.78,Pedido de comida por app,Persona A,Comida,Delivery,Variable Diario,Registro demostración - Comida
DEMO-20260802-1363,2026-08-02,18.97,Café y postre,Persona B,Comida,Cafetería y Snacks,Variable Diario,Registro demostración - Comida
DEMO-20260801-1361,2026-08-01,66.26,Pedido de comida por app,Persona A,Comida,Delivery,Variable Diario,Registro demostración - Comida
DEMO-20260801-1360,2026-08-01,18.33,Café y postre,Persona B,Comida,Cafetería y Snacks,Variable Diario,Registro demostración - Comida
DEMO-20260801-1359,2026-08-01,113.72,Almuerzo/Cena fin de semana,Persona A,Comida,Restaurantes,Variable Diario,Registro demostración - Comida
DEMO-20260801-1362,2026-08-01,97.78,Libros y entretenimiento,Persona B,Ocio,Hobbies,Ocasional,Registro demostración - Ocio
DEMO-20260731-1358,2026-07-31,31.87,Viajes en Taxi / Transporte,Persona B,Transporte,Transporte Público/App,Variable Diario,Registro demostración - Transporte
DEMO-20260731-1357,2026-07-31,20.36,Café y postre,Persona B,Comida,Cafetería y Snacks,Variable Diario,Registro demostración - Comida
DEMO-20260730-1356,2026-07-30,27.75,Viajes en Taxi / Transporte,Persona B,Transporte,Transporte Público/App,Variable Diario,Registro demostración - Transporte
DEMO-20260729-1355,2026-07-29,124.12,Artículos de limpieza y ferretería,Persona B,Hogar,Mantenimiento,Ocasional,Registro demostración - Hogar
DEMO-20260728-1354,2026-07-28,34.04,Viajes en Taxi / Transporte,Persona B,Transporte,Transporte Público/App,Variable Diario,Registro demostración - Transporte
DEMO-20260727-1353,2026-07-27,121.48,Prendas de vestir / Calzado,Persona B,Ropa y Calzado,Vestimenta,Ocasional,Registro demostración - Ropa y Calzado
DEMO-20260726-1352,2026-07-26,25.61,Viajes en Taxi / Transporte,Persona B,Transporte,Transporte Público/App,Variable Diario,Registro demostración - Transporte
DEMO-20260726-1351,2026-07-26,32.29,Café y postre,Persona B,Comida,Cafetería y Snacks,Variable Diario,Registro demostración - Comida
DEMO-20260725-1347,2026-07-25,84.82,Almuerzo/Cena fin de semana,Persona A,Comida,Restaurantes,Variable Diario,Registro demostración - Comida
DEMO-20260725-1350,2026-07-25,100.47,Cine / Concierto / Teatro,Persona B,Ocio,Salidas y Eventos,Ocasional,Registro demostración - Ocio
DEMO-20260725-1349,2026-07-25,263.15,Lavado y afinamiento,Persona A,Transporte,Mantenimiento Vehicular,Ocasional,Registro demostración - Transporte
DEMO-20260725-1348,2026-07-25,33.05,Café y postre,Persona B,Comida,Cafetería y Snacks,Variable Diario,Registro demostración - Comida
DEMO-20260724-1346,2026-07-24,23.54,Viajes en Taxi / Transporte,Persona B,Transporte,Transporte Público/App,Variable Diario,Registro demostración - Transporte
DEMO-20260723-1345,2026-07-23,20.95,Café y postre,Persona B,Comida,Cafetería y Snacks,Variable Diario,Registro demostración - Comida
DEMO-20260722-1344,2026-07-22,44.17,Pedido de comida por app,Persona A,Comida,Delivery,Variable Diario,Registro demostración - Comida
DEMO-20260722-1343,2026-07-22,24.54,Café y postre,Persona B,Comida,Cafetería y Snacks,Variable Diario,Registro demostración - Comida
DEMO-20260720-1342,2026-07-20,64.51,Medicamentos y cuidado personal,Persona A,Salud,Farmacia,Variable Diario,Registro demostración - Salud
DEMO-20260720-1341,2026-07-20,31.64,Viajes en Taxi / Transporte,Persona B,Transporte,Transporte Público/App,Variable Diario,Registro demostración - Transporte
DEMO-20260720-1340,2026-07-20,129.66,Gasolina / Carga de combustible,Persona A,Transporte,Combustible,Variable Diario,Registro demostración - Transporte
DEMO-20260720-1339,2026-07-20,119.3,Almuerzo/Cena fin de semana,Persona A,Comida,Restaurantes,Variable Diario,Registro demostración - Comida
DEMO-20260719-1337,2026-07-19,103.48,Almuerzo/Cena fin de semana,Persona B,Comida,Restaurantes,Variable Diario,Registro demostración - Comida
DEMO-20260719-1338,2026-07-19,150.64,Cine / Concierto / Teatro,Persona B,Ocio,Salidas y Eventos,Ocasional,Registro demostración - Ocio
DEMO-20260718-1335,2026-07-18,18.9,Café y postre,Persona B,Comida,Cafetería y Snacks,Variable Diario,Registro demostración - Comida
DEMO-20260718-1336,2026-07-18,38.97,Viajes en Taxi / Transporte,Persona B,Transporte,Transporte Público/App,Variable Diario,Registro demostración - Transporte
DEMO-20260717-1334,2026-07-17,325.25,Compra semanal de alimentos y víveres,Persona B,Comida,Supermercado,Variable Diario,Registro demostración - Comida
DEMO-20260716-1333,2026-07-16,161.36,Cine / Concierto / Teatro,Persona B,Ocio,Salidas y Eventos,Ocasional,Registro demostración - Ocio
DEMO-20260716-1332,2026-07-16,42.91,Viajes en Taxi / Transporte,Persona B,Transporte,Transporte Público/App,Variable Diario,Registro demostración - Transporte
DEMO-20260715-1327,2026-07-15,348.99,Compra semanal de alimentos y víveres,Persona B,Comida,Supermercado,Variable Diario,Registro demostración - Comida
DEMO-20260715-1331,2026-07-15,64.12,Medicamentos y cuidado personal,Persona B,Salud,Farmacia,Variable Diario,Registro demostración - Salud
DEMO-20260715-1330,2026-07-15,21.12,Viajes en Taxi / Transporte,Persona B,Transporte,Transporte Público/App,Variable Diario,Registro demostración - Transporte
DEMO-20260715-1329,2026-07-15,60.35,Pedido de comida por app,Persona A,Comida,Delivery,Variable Diario,Registro demostración - Comida
DEMO-20260715-1328,2026-07-15,19.69,Café y postre,Persona B,Comida,Cafetería y Snacks,Variable Diario,Registro demostración - Comida
DEMO-20260714-1326,2026-07-14,32.42,Café y postre,Persona B,Comida,Cafetería y Snacks,Variable Diario,Registro demostración - Comida
DEMO-20260713-1324,2026-07-13,40.33,Viajes en Taxi / Transporte,Persona B,Transporte,Transporte Público/App,Variable Diario,Registro demostración - Transporte
DEMO-20260713-1325,2026-07-13,210.83,Cine / Concierto / Teatro,Persona B,Ocio,Salidas y Eventos,Ocasional,Registro demostración - Ocio
DEMO-20260712-1322,2026-07-12,20.0,Café y postre,Persona B,Comida,Cafetería y Snacks,Variable Diario,Registro demostración - Comida
DEMO-20260712-1321,2026-07-12,61.82,Almuerzo/Cena fin de semana,Persona B,Comida,Restaurantes,Variable Diario,Registro demostración - Comida
DEMO-20260712-1320,2026-07-12,256.26,Compra semanal de alimentos y víveres,Persona A,Comida,Supermercado,Variable Diario,Registro demostración - Comida
DEMO-20260712-1323,2026-07-12,33.47,Viajes en Taxi / Transporte,Persona B,Transporte,Transporte Público/App,Variable Diario,Registro demostración - Transporte
DEMO-20260711-1319,2026-07-11,18.28,Viajes en Taxi / Transporte,Persona B,Transporte,Transporte Público/App,Variable Diario,Registro demostración - Transporte
DEMO-20260711-1318,2026-07-11,23.55,Café y postre,Persona B,Comida,Cafetería y Snacks,Variable Diario,Registro demostración - Comida
DEMO-20260710-1315,2026-07-10,19.11,Café y postre,Persona B,Comida,Cafetería y Snacks,Variable Diario,Registro demostración - Comida
DEMO-20260710-1317,2026-07-10,88.7,Libros y entretenimiento,Persona B,Ocio,Hobbies,Ocasional,Registro demostración - Ocio
DEMO-20260710-1316,2026-07-10,24.15,Viajes en Taxi / Transporte,Persona B,Transporte,Transporte Público/App,Variable Diario,Registro demostración - Transporte
DEMO-20260709-1314,2026-07-09,195.45,Cine / Concierto / Teatro,Persona B,Ocio,Salidas y Eventos,Ocasional,Registro demostración - Ocio
DEMO-20260709-1313,2026-07-09,37.93,Viajes en Taxi / Transporte,Persona B,Transporte,Transporte Público/App,Variable Diario,Registro demostración - Transporte
DEMO-20260709-1312,2026-07-09,138.81,Gasolina / Carga de combustible,Persona A,Transporte,Combustible,Variable Diario,Registro demostración - Transporte
DEMO-20260709-1311,2026-07-09,29.5,Café y postre,Persona B,Comida,Cafetería y Snacks,Variable Diario,Registro demostración - Comida
DEMO-20260708-1310,2026-07-08,31.24,Viajes en Taxi / Transporte,Persona B,Transporte,Transporte Público/App,Variable Diario,Registro demostración - Transporte
DEMO-20260707-1308,2026-07-07,101.96,Almuerzo/Cena fin de semana,Persona A,Comida,Restaurantes,Variable Diario,Registro demostración - Comida
DEMO-20260707-1307,2026-07-07,51.52,Artículos de limpieza y ferretería,Persona B,Hogar,Mantenimiento,Ocasional,Registro demostración - Hogar
DEMO-20260707-1309,2026-07-07,54.89,Pedido de comida por app,Persona A,Comida,Delivery,Variable Diario,Registro demostración - Comida
DEMO-20260706-1306,2026-07-06,15.3,Viajes en Taxi / Transporte,Persona B,Transporte,Transporte Público/App,Variable Diario,Registro demostración - Transporte
DEMO-20260706-1305,2026-07-06,303.13,Compra semanal de alimentos y víveres,Persona B,Comida,Supermercado,Variable Diario,Registro demostración - Comida
DEMO-20260705-1298,2026-07-05,115.41,Internet fibra óptica y telefonía,Persona B,Hogar,Internet/Telefonía,Fijo Mensual,Registro demostración - Hogar
DEMO-20260705-1300,2026-07-05,32.0,Café y postre,Persona B,Comida,Cafetería y Snacks,Variable Diario,Registro demostración - Comida
DEMO-20260705-1297,2026-07-05,206.26,Recibo de Luz y Agua,Persona A,Hogar,Servicios Básicos,Fijo Mensual,Registro demostración - Hogar
DEMO-20260705-1299,2026-07-05,49.09,Artículos de limpieza y ferretería,Persona A,Hogar,Mantenimiento,Ocasional,Registro demostración - Hogar
DEMO-20260705-1296,2026-07-05,1400.0,Alquiler de departamento,Persona B,Hogar,Alquiler,Fijo Mensual,Registro demostración - Hogar
DEMO-20260705-1301,2026-07-05,124.43,Gasolina / Carga de combustible,Persona A,Transporte,Combustible,Variable Diario,Registro demostración - Transporte
DEMO-20260705-1303,2026-07-05,314.46,Cuota amortización de deuda,Persona B,Deuda,Tarjeta de Crédito,Fijo Mensual,Registro demostración - Deuda
DEMO-20260705-1304,2026-07-05,528.05,Aporte a fondo de inversión / ahorro,Persona A,Ahorro/Inversión,Fondo de Emergencia,Fijo Mensual,Registro demostración - Ahorro/Inversión
DEMO-20260705-1302,2026-07-05,50.34,Suscripción Netflix & Spotify,Persona A,Ocio,Streaming,Fijo Mensual,Registro demostración - Ocio
DEMO-20260704-1295,2026-07-04,69.48,Medicamentos y cuidado personal,Persona A,Salud,Farmacia,Variable Diario,Registro demostración - Salud
DEMO-20260704-1294,2026-07-04,136.34,Gasolina / Carga de combustible,Persona A,Transporte,Combustible,Variable Diario,Registro demostración - Transporte
DEMO-20260704-1293,2026-07-04,79.4,Pedido de comida por app,Persona A,Comida,Delivery,Variable Diario,Registro demostración - Comida
DEMO-20260704-1292,2026-07-04,23.43,Café y postre,Persona B,Comida,Cafetería y Snacks,Variable Diario,Registro demostración - Comida
DEMO-20260704-1291,2026-07-04,274.2,Compra semanal de alimentos y víveres,Persona B,Comida,Supermercado,Variable Diario,Registro demostración - Comida
DEMO-20260703-1288,2026-07-03,226.11,Compra semanal de alimentos y víveres,Persona B,Comida,Supermercado,Variable Diario,Registro demostración - Comida
DEMO-20260703-1289,2026-07-03,158.56,Almuerzo/Cena fin de semana,Persona B,Comida,Restaurantes,Variable Diario,Registro demostración - Comida
DEMO-20260703-1290,2026-07-03,41.14,Viajes en Taxi / Transporte,Persona B,Transporte,Transporte Público/App,Variable Diario,Registro demostración - Transporte
DEMO-20260630-1287,2026-06-30,44.67,Viajes en Taxi / Transporte,Persona B,Transporte,Transporte Público/App,Variable Diario,Registro demostración - Transporte
DEMO-20260630-1286,2026-06-30,151.6,Almuerzo/Cena fin de semana,Persona A,Comida,Restaurantes,Variable Diario,Registro demostración - Comida
DEMO-20260630-1285,2026-06-30,73.81,Artículos de limpieza y ferretería,Persona A,Hogar,Mantenimiento,Ocasional,Registro demostración - Hogar
DEMO-20260629-1284,2026-06-29,38.15,Viajes en Taxi / Transporte,Persona B,Transporte,Transporte Público/App,Variable Diario,Registro demostración - Transporte
DEMO-20260629-1283,2026-06-29,142.98,Artículos de limpieza y ferretería,Persona A,Hogar,Mantenimiento,Ocasional,Registro demostración - Hogar
DEMO-20260628-1282,2026-06-28,24.44,Café y postre,Persona B,Comida,Cafetería y Snacks,Variable Diario,Registro demostración - Comida
DEMO-20260628-1281,2026-06-28,160.72,Almuerzo/Cena fin de semana,Persona B,Comida,Restaurantes,Variable Diario,Registro demostración - Comida
DEMO-20260627-1280,2026-06-27,80.13,Pedido de comida por app,Persona A,Comida,Delivery,Variable Diario,Registro demostración - Comida
DEMO-20260627-1279,2026-06-27,32.22,Café y postre,Persona B,Comida,Cafetería y Snacks,Variable Diario,Registro demostración - Comida
DEMO-20260627-1278,2026-06-27,177.81,Almuerzo/Cena fin de semana,Persona B,Comida,Restaurantes,Variable Diario,Registro demostración - Comida
DEMO-20260626-1275,2026-06-26,35.93,Viajes en Taxi / Transporte,Persona B,Transporte,Transporte Público/App,Variable Diario,Registro demostración - Transporte
DEMO-20260626-1276,2026-06-26,66.57,Medicamentos y cuidado personal,Persona B,Salud,Farmacia,Variable Diario,Registro demostración - Salud
DEMO-20260626-1277,2026-06-26,159.36,Consulta odontológica / médica,Persona B,Salud,Consultas Médicas,Ocasional,Registro demostración - Salud
DEMO-20260625-1274,2026-06-25,138.42,Consulta odontológica / médica,Persona A,Salud,Consultas Médicas,Ocasional,Registro demostración - Salud
DEMO-20260625-1273,2026-06-25,19.7,Café y postre,Persona B,Comida,Cafetería y Snacks,Variable Diario,Registro demostración - Comida
DEMO-20260624-1272,2026-06-24,92.95,Cine / Concierto / Teatro,Persona A,Ocio,Salidas y Eventos,Ocasional,Registro demostración - Ocio
DEMO-20260623-1271,2026-06-23,94.87,Almuerzo/Cena fin de semana,Persona B,Comida,Restaurantes,Variable Diario,Registro demostración - Comida
DEMO-20260622-1270,2026-06-22,104.6,Libros y entretenimiento,Persona B,Ocio,Hobbies,Ocasional,Registro demostración - Ocio
DEMO-20260622-1269,2026-06-22,37.66,Viajes en Taxi / Transporte,Persona B,Transporte,Transporte Público/App,Variable Diario,Registro demostración - Transporte
DEMO-20260622-1268,2026-06-22,62.16,Pedido de comida por app,Persona A,Comida,Delivery,Variable Diario,Registro demostración - Comida
DEMO-20260622-1267,2026-06-22,25.24,Café y postre,Persona B,Comida,Cafetería y Snacks,Variable Diario,Registro demostración - Comida
DEMO-20260621-1266,2026-06-21,23.84,Café y postre,Persona B,Comida,Cafetería y Snacks,Variable Diario,Registro demostración - Comida
DEMO-20260619-1264,2026-06-19,71.65,Pedido de comida por app,Persona A,Comida,Delivery,Variable Diario,Registro demostración - Comida
DEMO-20260619-1265,2026-06-19,209.94,Cine / Concierto / Teatro,Persona A,Ocio,Salidas y Eventos,Ocasional,Registro demostración - Ocio
DEMO-20260618-1263,2026-06-18,152.69,Consulta odontológica / médica,Persona B,Salud,Consultas Médicas,Ocasional,Registro demostración - Salud
DEMO-20260618-1262,2026-06-18,32.79,Viajes en Taxi / Transporte,Persona B,Transporte,Transporte Público/App,Variable Diario,Registro demostración - Transporte
DEMO-20260618-1261,2026-06-18,123.28,Gasolina / Carga de combustible,Persona A,Transporte,Combustible,Variable Diario,Registro demostración - Transporte
DEMO-20260618-1260,2026-06-18,20.77,Café y postre,Persona B,Comida,Cafetería y Snacks,Variable Diario,Registro demostración - Comida
DEMO-20260617-1259,2026-06-17,28.65,Viajes en Taxi / Transporte,Persona B,Transporte,Transporte Público/App,Variable Diario,Registro demostración - Transporte
DEMO-20260617-1258,2026-06-17,25.4,Café y postre,Persona B,Comida,Cafetería y Snacks,Variable Diario,Registro demostración - Comida
DEMO-20260616-1257,2026-06-16,170.48,Almuerzo/Cena fin de semana,Persona B,Comida,Restaurantes,Variable Diario,Registro demostración - Comida
DEMO-20260614-1256,2026-06-14,25.52,Viajes en Taxi / Transporte,Persona B,Transporte,Transporte Público/App,Variable Diario,Registro demostración - Transporte
DEMO-20260614-1255,2026-06-14,75.19,Pedido de comida por app,Persona A,Comida,Delivery,Variable Diario,Registro demostración - Comida
DEMO-20260613-1249,2026-06-13,246.43,Compra semanal de alimentos y víveres,Persona B,Comida,Supermercado,Variable Diario,Registro demostración - Comida
DEMO-20260613-1251,2026-06-13,15.42,Café y postre,Persona B,Comida,Cafetería y Snacks,Variable Diario,Registro demostración - Comida
DEMO-20260613-1250,2026-06-13,61.53,Almuerzo/Cena fin de semana,Persona B,Comida,Restaurantes,Variable Diario,Registro demostración - Comida
DEMO-20260613-1254,2026-06-13,109.86,Libros y entretenimiento,Persona B,Ocio,Hobbies,Ocasional,Registro demostración - Ocio
DEMO-20260613-1252,2026-06-13,37.81,Viajes en Taxi / Transporte,Persona B,Transporte,Transporte Público/App,Variable Diario,Registro demostración - Transporte
DEMO-20260613-1253,2026-06-13,157.47,Lavado y afinamiento,Persona A,Transporte,Mantenimiento Vehicular,Ocasional,Registro demostración - Transporte
DEMO-20260612-1248,2026-06-12,44.81,Medicamentos y cuidado personal,Persona B,Salud,Farmacia,Variable Diario,Registro demostración - Salud
DEMO-20260612-1247,2026-06-12,21.11,Viajes en Taxi / Transporte,Persona B,Transporte,Transporte Público/App,Variable Diario,Registro demostración - Transporte
DEMO-20260612-1246,2026-06-12,31.48,Café y postre,Persona B,Comida,Cafetería y Snacks,Variable Diario,Registro demostración - Comida
DEMO-20260611-1245,2026-06-11,22.47,Viajes en Taxi / Transporte,Persona B,Transporte,Transporte Público/App,Variable Diario,Registro demostración - Transporte
DEMO-20260610-1243,2026-06-10,62.52,Pedido de comida por app,Persona A,Comida,Delivery,Variable Diario,Registro demostración - Comida
DEMO-20260610-1241,2026-06-10,183.32,Compra semanal de alimentos y víveres,Persona B,Comida,Supermercado,Variable Diario,Registro demostración - Comida
DEMO-20260610-1242,2026-06-10,63.43,Almuerzo/Cena fin de semana,Persona B,Comida,Restaurantes,Variable Diario,Registro demostración - Comida
DEMO-20260610-1244,2026-06-10,26.91,Viajes en Taxi / Transporte,Persona B,Transporte,Transporte Público/App,Variable Diario,Registro demostración - Transporte
DEMO-20260609-1240,2026-06-09,63.85,Medicamentos y cuidado personal,Persona B,Salud,Farmacia,Variable Diario,Registro demostración - Salud
DEMO-20260609-1239,2026-06-09,28.57,Viajes en Taxi / Transporte,Persona B,Transporte,Transporte Público/App,Variable Diario,Registro demostración - Transporte
DEMO-20260609-1238,2026-06-09,41.5,Pedido de comida por app,Persona A,Comida,Delivery,Variable Diario,Registro demostración - Comida
DEMO-20260608-1237,2026-06-08,59.73,Pedido de comida por app,Persona A,Comida,Delivery,Variable Diario,Registro demostración - Comida
DEMO-20260607-1236,2026-06-07,29.7,Viajes en Taxi / Transporte,Persona B,Transporte,Transporte Público/App,Variable Diario,Registro demostración - Transporte
DEMO-20260607-1235,2026-06-07,352.38,Compra semanal de alimentos y víveres,Persona B,Comida,Supermercado,Variable Diario,Registro demostración - Comida
DEMO-20260606-1232,2026-06-06,175.06,Gasolina / Carga de combustible,Persona A,Transporte,Combustible,Variable Diario,Registro demostración - Transporte
DEMO-20260606-1231,2026-06-06,70.56,Almuerzo/Cena fin de semana,Persona B,Comida,Restaurantes,Variable Diario,Registro demostración - Comida
DEMO-20260606-1230,2026-06-06,378.71,Compra semanal de alimentos y víveres,Persona B,Comida,Supermercado,Variable Diario,Registro demostración - Comida
DEMO-20260606-1233,2026-06-06,41.5,Viajes en Taxi / Transporte,Persona B,Transporte,Transporte Público/App,Variable Diario,Registro demostración - Transporte
DEMO-20260606-1234,2026-06-06,115.64,Cine / Concierto / Teatro,Persona B,Ocio,Salidas y Eventos,Ocasional,Registro demostración - Ocio
DEMO-20260605-1229,2026-06-05,408.79,Aporte a fondo de inversión / ahorro,Persona A,Ahorro/Inversión,Fondo de Emergencia,Fijo Mensual,Registro demostración - Ahorro/Inversión
DEMO-20260605-1228,2026-06-05,342.7,Cuota amortización de deuda,Persona B,Deuda,Tarjeta de Crédito,Fijo Mensual,Registro demostración - Deuda
DEMO-20260605-1227,2026-06-05,51.12,Suscripción Netflix & Spotify,Persona A,Ocio,Streaming,Fijo Mensual,Registro demostración - Ocio
DEMO-20260605-1226,2026-06-05,31.69,Viajes en Taxi / Transporte,Persona B,Transporte,Transporte Público/App,Variable Diario,Registro demostración - Transporte
DEMO-20260605-1225,2026-06-05,116.39,Almuerzo/Cena fin de semana,Persona B,Comida,Restaurantes,Variable Diario,Registro demostración - Comida
DEMO-20260605-1224,2026-06-05,120.67,Internet fibra óptica y telefonía,Persona B,Hogar,Internet/Telefonía,Fijo Mensual,Registro demostración - Hogar
DEMO-20260605-1223,2026-06-05,142.59,Recibo de Luz y Agua,Persona A,Hogar,Servicios Básicos,Fijo Mensual,Registro demostración - Hogar
DEMO-20260605-1222,2026-06-05,1400.0,Alquiler de departamento,Persona B,Hogar,Alquiler,Fijo Mensual,Registro demostración - Hogar
DEMO-20260604-1219,2026-06-04,159.51,Gasolina / Carga de combustible,Persona A,Transporte,Combustible,Variable Diario,Registro demostración - Transporte
DEMO-20260604-1220,2026-06-04,23.23,Viajes en Taxi / Transporte,Persona B,Transporte,Transporte Público/App,Variable Diario,Registro demostración - Transporte
DEMO-20260604-1221,2026-06-04,270.16,Prendas de vestir / Calzado,Persona A,Ropa y Calzado,Vestimenta,Ocasional,Registro demostración - Ropa y Calzado
DEMO-20260603-1218,2026-06-03,23.51,Viajes en Taxi / Transporte,Persona B,Transporte,Transporte Público/App,Variable Diario,Registro demostración - Transporte
DEMO-20260603-1217,2026-06-03,99.46,Almuerzo/Cena fin de semana,Persona B,Comida,Restaurantes,Variable Diario,Registro demostración - Comida
DEMO-20260602-1216,2026-06-02,15.9,Viajes en Taxi / Transporte,Persona B,Transporte,Transporte Público/App,Variable Diario,Registro demostración - Transporte
DEMO-20260602-1215,2026-06-02,282.27,Compra semanal de alimentos y víveres,Persona B,Comida,Supermercado,Variable Diario,Registro demostración - Comida
DEMO-20260601-1214,2026-06-01,37.41,Viajes en Taxi / Transporte,Persona B,Transporte,Transporte Público/App,Variable Diario,Registro demostración - Transporte
DEMO-20260531-1213,2026-05-31,72.26,Pedido de comida por app,Persona A,Comida,Delivery,Variable Diario,Registro demostración - Comida
DEMO-20260531-1212,2026-05-31,26.03,Café y postre,Persona B,Comida,Cafetería y Snacks,Variable Diario,Registro demostración - Comida
DEMO-20260531-1211,2026-05-31,117.79,Almuerzo/Cena fin de semana,Persona A,Comida,Restaurantes,Variable Diario,Registro demostración - Comida
DEMO-20260531-1210,2026-05-31,325.55,Compra semanal de alimentos y víveres,Persona A,Comida,Supermercado,Variable Diario,Registro demostración - Comida
DEMO-20260530-1208,2026-05-30,27.28,Café y postre,Persona B,Comida,Cafetería y Snacks,Variable Diario,Registro demostración - Comida
DEMO-20260530-1207,2026-05-30,101.14,Almuerzo/Cena fin de semana,Persona B,Comida,Restaurantes,Variable Diario,Registro demostración - Comida
DEMO-20260530-1206,2026-05-30,215.74,Compra semanal de alimentos y víveres,Persona A,Comida,Supermercado,Variable Diario,Registro demostración - Comida
DEMO-20260530-1209,2026-05-30,41.84,Libros y entretenimiento,Persona B,Ocio,Hobbies,Ocasional,Registro demostración - Ocio
DEMO-20260529-1205,2026-05-29,96.19,Lavado y afinamiento,Persona A,Transporte,Mantenimiento Vehicular,Ocasional,Registro demostración - Transporte
DEMO-20260529-1204,2026-05-29,29.73,Viajes en Taxi / Transporte,Persona B,Transporte,Transporte Público/App,Variable Diario,Registro demostración - Transporte
DEMO-20260529-1203,2026-05-29,24.88,Café y postre,Persona B,Comida,Cafetería y Snacks,Variable Diario,Registro demostración - Comida
DEMO-20260528-1202,2026-05-28,30.6,Café y postre,Persona B,Comida,Cafetería y Snacks,Variable Diario,Registro demostración - Comida
DEMO-20260527-1201,2026-05-27,176.61,Gasolina / Carga de combustible,Persona A,Transporte,Combustible,Variable Diario,Registro demostración - Transporte
DEMO-20260527-1200,2026-05-27,63.08,Almuerzo/Cena fin de semana,Persona A,Comida,Restaurantes,Variable Diario,Registro demostración - Comida
DEMO-20260526-1199,2026-05-26,21.93,Viajes en Taxi / Transporte,Persona B,Transporte,Transporte Público/App,Variable Diario,Registro demostración - Transporte
DEMO-20260525-1198,2026-05-25,20.11,Viajes en Taxi / Transporte,Persona B,Transporte,Transporte Público/App,Variable Diario,Registro demostración - Transporte
DEMO-20260525-1197,2026-05-25,78.41,Almuerzo/Cena fin de semana,Persona B,Comida,Restaurantes,Variable Diario,Registro demostración - Comida
DEMO-20260524-1195,2026-05-24,31.41,Café y postre,Persona B,Comida,Cafetería y Snacks,Variable Diario,Registro demostración - Comida
DEMO-20260524-1194,2026-05-24,155.25,Almuerzo/Cena fin de semana,Persona B,Comida,Restaurantes,Variable Diario,Registro demostración - Comida
DEMO-20260524-1196,2026-05-24,26.24,Viajes en Taxi / Transporte,Persona B,Transporte,Transporte Público/App,Variable Diario,Registro demostración - Transporte
DEMO-20260523-1193,2026-05-23,136.62,Cine / Concierto / Teatro,Persona A,Ocio,Salidas y Eventos,Ocasional,Registro demostración - Ocio
DEMO-20260523-1192,2026-05-23,37.55,Viajes en Taxi / Transporte,Persona B,Transporte,Transporte Público/App,Variable Diario,Registro demostración - Transporte
DEMO-20260523-1191,2026-05-23,27.99,Café y postre,Persona B,Comida,Cafetería y Snacks,Variable Diario,Registro demostración - Comida
DEMO-20260522-1190,2026-05-22,32.85,Viajes en Taxi / Transporte,Persona B,Transporte,Transporte Público/App,Variable Diario,Registro demostración - Transporte
DEMO-20260522-1189,2026-05-22,43.79,Pedido de comida por app,Persona A,Comida,Delivery,Variable Diario,Registro demostración - Comida
DEMO-20260521-1188,2026-05-21,101.73,Medicamentos y cuidado personal,Persona A,Salud,Farmacia,Variable Diario,Registro demostración - Salud
DEMO-20260521-1187,2026-05-21,105.1,Libros y entretenimiento,Persona B,Ocio,Hobbies,Ocasional,Registro demostración - Ocio
DEMO-20260521-1186,2026-05-21,53.88,Pedido de comida por app,Persona A,Comida,Delivery,Variable Diario,Registro demostración - Comida
DEMO-20260520-1184,2026-05-20,78.22,Pedido de comida por app,Persona A,Comida,Delivery,Variable Diario,Registro demostración - Comida
DEMO-20260520-1183,2026-05-20,24.17,Café y postre,Persona B,Comida,Cafetería y Snacks,Variable Diario,Registro demostración - Comida
DEMO-20260520-1185,2026-05-20,76.04,Libros y entretenimiento,Persona B,Ocio,Hobbies,Ocasional,Registro demostración - Ocio
DEMO-20260519-1182,2026-05-19,15.3,Viajes en Taxi / Transporte,Persona B,Transporte,Transporte Público/App,Variable Diario,Registro demostración - Transporte
DEMO-20260519-1181,2026-05-19,28.93,Café y postre,Persona B,Comida,Cafetería y Snacks,Variable Diario,Registro demostración - Comida
DEMO-20260518-1180,2026-05-18,29.24,Café y postre,Persona B,Comida,Cafetería y Snacks,Variable Diario,Registro demostración - Comida
DEMO-20260518-1179,2026-05-18,92.87,Almuerzo/Cena fin de semana,Persona A,Comida,Restaurantes,Variable Diario,Registro demostración - Comida
DEMO-20260517-1178,2026-05-17,191.28,Cine / Concierto / Teatro,Persona B,Ocio,Salidas y Eventos,Ocasional,Registro demostración - Ocio
DEMO-20260517-1177,2026-05-17,45.67,Pedido de comida por app,Persona A,Comida,Delivery,Variable Diario,Registro demostración - Comida
DEMO-20260517-1176,2026-05-17,114.55,Almuerzo/Cena fin de semana,Persona A,Comida,Restaurantes,Variable Diario,Registro demostración - Comida
DEMO-20260516-1173,2026-05-16,257.64,Compra semanal de alimentos y víveres,Persona B,Comida,Supermercado,Variable Diario,Registro demostración - Comida
DEMO-20260516-1174,2026-05-16,24.37,Café y postre,Persona B,Comida,Cafetería y Snacks,Variable Diario,Registro demostración - Comida
DEMO-20260516-1175,2026-05-16,20.41,Viajes en Taxi / Transporte,Persona B,Transporte,Transporte Público/App,Variable Diario,Registro demostración - Transporte
DEMO-20260515-1172,2026-05-15,405.92,Curso online de especialización,Persona A,Educación,Cursos y Certificaciones,Ocasional,Registro demostración - Educación
DEMO-20260514-1171,2026-05-14,32.06,Viajes en Taxi / Transporte,Persona B,Transporte,Transporte Público/App,Variable Diario,Registro demostración - Transporte
DEMO-20260513-1170,2026-05-13,17.82,Viajes en Taxi / Transporte,Persona B,Transporte,Transporte Público/App,Variable Diario,Registro demostración - Transporte
DEMO-20260513-1169,2026-05-13,61.79,Almuerzo/Cena fin de semana,Persona B,Comida,Restaurantes,Variable Diario,Registro demostración - Comida
DEMO-20260513-1168,2026-05-13,210.48,Compra semanal de alimentos y víveres,Persona B,Comida,Supermercado,Variable Diario,Registro demostración - Comida
DEMO-20260511-1167,2026-05-11,28.89,Viajes en Taxi / Transporte,Persona B,Transporte,Transporte Público/App,Variable Diario,Registro demostración - Transporte
DEMO-20260510-1164,2026-05-10,97.75,Almuerzo/Cena fin de semana,Persona B,Comida,Restaurantes,Variable Diario,Registro demostración - Comida
DEMO-20260510-1166,2026-05-10,54.91,Pedido de comida por app,Persona A,Comida,Delivery,Variable Diario,Registro demostración - Comida
DEMO-20260510-1165,2026-05-10,22.13,Café y postre,Persona B,Comida,Cafetería y Snacks,Variable Diario,Registro demostración - Comida
DEMO-20260509-1162,2026-05-09,18.19,Viajes en Taxi / Transporte,Persona B,Transporte,Transporte Público/App,Variable Diario,Registro demostración - Transporte
DEMO-20260509-1161,2026-05-09,30.58,Café y postre,Persona B,Comida,Cafetería y Snacks,Variable Diario,Registro demostración - Comida
DEMO-20260509-1160,2026-05-09,73.01,Almuerzo/Cena fin de semana,Persona A,Comida,Restaurantes,Variable Diario,Registro demostración - Comida
DEMO-20260509-1163,2026-05-09,206.45,Cine / Concierto / Teatro,Persona A,Ocio,Salidas y Eventos,Ocasional,Registro demostración - Ocio
DEMO-20260508-1159,2026-05-08,37.38,Viajes en Taxi / Transporte,Persona B,Transporte,Transporte Público/App,Variable Diario,Registro demostración - Transporte
DEMO-20260508-1158,2026-05-08,19.24,Café y postre,Persona B,Comida,Cafetería y Snacks,Variable Diario,Registro demostración - Comida
DEMO-20260507-1157,2026-05-07,186.61,Gasolina / Carga de combustible,Persona A,Transporte,Combustible,Variable Diario,Registro demostración - Transporte
DEMO-20260507-1156,2026-05-07,30.02,Café y postre,Persona B,Comida,Cafetería y Snacks,Variable Diario,Registro demostración - Comida
DEMO-20260506-1155,2026-05-06,20.47,Viajes en Taxi / Transporte,Persona B,Transporte,Transporte Público/App,Variable Diario,Registro demostración - Transporte
DEMO-20260506-1154,2026-05-06,16.54,Café y postre,Persona B,Comida,Cafetería y Snacks,Variable Diario,Registro demostración - Comida
DEMO-20260506-1153,2026-05-06,77.63,Almuerzo/Cena fin de semana,Persona A,Comida,Restaurantes,Variable Diario,Registro demostración - Comida
DEMO-20260505-1149,2026-05-05,54.13,Suscripción Netflix & Spotify,Persona A,Ocio,Streaming,Fijo Mensual,Registro demostración - Ocio
DEMO-20260505-1146,2026-05-05,1400.0,Alquiler de departamento,Persona A,Hogar,Alquiler,Fijo Mensual,Registro demostración - Hogar
DEMO-20260505-1147,2026-05-05,204.46,Recibo de Luz y Agua,Persona A,Hogar,Servicios Básicos,Fijo Mensual,Registro demostración - Hogar
DEMO-20260505-1148,2026-05-05,111.19,Internet fibra óptica y telefonía,Persona B,Hogar,Internet/Telefonía,Fijo Mensual,Registro demostración - Hogar
DEMO-20260505-1150,2026-05-05,41.02,Medicamentos y cuidado personal,Persona A,Salud,Farmacia,Variable Diario,Registro demostración - Salud
DEMO-20260505-1151,2026-05-05,355.21,Cuota amortización de deuda,Persona B,Deuda,Tarjeta de Crédito,Fijo Mensual,Registro demostración - Deuda
DEMO-20260505-1152,2026-05-05,598.82,Aporte a fondo de inversión / ahorro,Persona A,Ahorro/Inversión,Fondo de Emergencia,Fijo Mensual,Registro demostración - Ahorro/Inversión
DEMO-20260504-1145,2026-05-04,318.6,Prendas de vestir / Calzado,Persona A,Ropa y Calzado,Vestimenta,Ocasional,Registro demostración - Ropa y Calzado
DEMO-20260503-1144,2026-05-03,24.58,Viajes en Taxi / Transporte,Persona B,Transporte,Transporte Público/App,Variable Diario,Registro demostración - Transporte
DEMO-20260503-1143,2026-05-03,16.81,Café y postre,Persona B,Comida,Cafetería y Snacks,Variable Diario,Registro demostración - Comida
DEMO-20260502-1142,2026-05-02,15.07,Viajes en Taxi / Transporte,Persona B,Transporte,Transporte Público/App,Variable Diario,Registro demostración - Transporte
DEMO-20260502-1141,2026-05-02,169.95,Almuerzo/Cena fin de semana,Persona B,Comida,Restaurantes,Variable Diario,Registro demostración - Comida
DEMO-20260501-1138,2026-05-01,146.7,Gasolina / Carga de combustible,Persona A,Transporte,Combustible,Variable Diario,Registro demostración - Transporte
DEMO-20260501-1136,2026-05-01,80.35,Almuerzo/Cena fin de semana,Persona A,Comida,Restaurantes,Variable Diario,Registro demostración - Comida
DEMO-20260501-1137,2026-05-01,34.13,Café y postre,Persona B,Comida,Cafetería y Snacks,Variable Diario,Registro demostración - Comida
DEMO-20260501-1139,2026-05-01,42.74,Viajes en Taxi / Transporte,Persona B,Transporte,Transporte Público/App,Variable Diario,Registro demostración - Transporte
DEMO-20260501-1140,2026-05-01,92.67,Cine / Concierto / Teatro,Persona B,Ocio,Salidas y Eventos,Ocasional,Registro demostración - Ocio
DEMO-20260430-1135,2026-04-30,103.65,Cine / Concierto / Teatro,Persona A,Ocio,Salidas y Eventos,Ocasional,Registro demostración - Ocio
DEMO-20260430-1134,2026-04-30,15.89,Café y postre,Persona B,Comida,Cafetería y Snacks,Variable Diario,Registro demostración - Comida
DEMO-20260429-1133,2026-04-29,30.83,Café y postre,Persona B,Comida,Cafetería y Snacks,Variable Diario,Registro demostración - Comida
DEMO-20260428-1132,2026-04-28,227.45,Consulta odontológica / médica,Persona A,Salud,Consultas Médicas,Ocasional,Registro demostración - Salud
DEMO-20260428-1131,2026-04-28,111.17,Almuerzo/Cena fin de semana,Persona B,Comida,Restaurantes,Variable Diario,Registro demostración - Comida
DEMO-20260427-1130,2026-04-27,24.58,Café y postre,Persona B,Comida,Cafetería y Snacks,Variable Diario,Registro demostración - Comida
DEMO-20260426-1129,2026-04-26,33.79,Viajes en Taxi / Transporte,Persona B,Transporte,Transporte Público/App,Variable Diario,Registro demostración - Transporte
DEMO-20260426-1128,2026-04-26,61.88,Almuerzo/Cena fin de semana,Persona A,Comida,Restaurantes,Variable Diario,Registro demostración - Comida
DEMO-20260425-1127,2026-04-25,131.76,Periféricos y gadgets,Persona A,Tecnología,Accesorios,Ocasional,Registro demostración - Tecnología
DEMO-20260425-1126,2026-04-25,73.94,Almuerzo/Cena fin de semana,Persona B,Comida,Restaurantes,Variable Diario,Registro demostración - Comida
DEMO-20260424-1124,2026-04-24,32.05,Café y postre,Persona B,Comida,Cafetería y Snacks,Variable Diario,Registro demostración - Comida
DEMO-20260424-1125,2026-04-24,21.72,Viajes en Taxi / Transporte,Persona B,Transporte,Transporte Público/App,Variable Diario,Registro demostración - Transporte
DEMO-20260423-1123,2026-04-23,263.58,Periféricos y gadgets,Persona A,Tecnología,Accesorios,Ocasional,Registro demostración - Tecnología
DEMO-20260423-1122,2026-04-23,321.57,Curso online de especialización,Persona A,Educación,Cursos y Certificaciones,Ocasional,Registro demostración - Educación
DEMO-20260423-1121,2026-04-23,28.13,Viajes en Taxi / Transporte,Persona B,Transporte,Transporte Público/App,Variable Diario,Registro demostración - Transporte
DEMO-20260422-1120,2026-04-22,56.81,Pedido de comida por app,Persona A,Comida,Delivery,Variable Diario,Registro demostración - Comida
DEMO-20260421-1119,2026-04-21,37.83,Viajes en Taxi / Transporte,Persona B,Transporte,Transporte Público/App,Variable Diario,Registro demostración - Transporte
DEMO-20260421-1118,2026-04-21,33.84,Café y postre,Persona B,Comida,Cafetería y Snacks,Variable Diario,Registro demostración - Comida
DEMO-20260420-1117,2026-04-20,23.28,Viajes en Taxi / Transporte,Persona B,Transporte,Transporte Público/App,Variable Diario,Registro demostración - Transporte
DEMO-20260419-1116,2026-04-19,33.2,Viajes en Taxi / Transporte,Persona B,Transporte,Transporte Público/App,Variable Diario,Registro demostración - Transporte
DEMO-20260419-1115,2026-04-19,28.21,Café y postre,Persona B,Comida,Cafetería y Snacks,Variable Diario,Registro demostración - Comida
DEMO-20260419-1114,2026-04-19,65.71,Almuerzo/Cena fin de semana,Persona A,Comida,Restaurantes,Variable Diario,Registro demostración - Comida
DEMO-20260418-1112,2026-04-18,158.9,Artículos de limpieza y ferretería,Persona A,Hogar,Mantenimiento,Ocasional,Registro demostración - Hogar
DEMO-20260418-1113,2026-04-18,16.02,Café y postre,Persona B,Comida,Cafetería y Snacks,Variable Diario,Registro demostración - Comida
DEMO-20260417-1111,2026-04-17,31.41,Café y postre,Persona B,Comida,Cafetería y Snacks,Variable Diario,Registro demostración - Comida
DEMO-20260415-1110,2026-04-15,85.77,Periféricos y gadgets,Persona A,Tecnología,Accesorios,Ocasional,Registro demostración - Tecnología
DEMO-20260415-1109,2026-04-15,37.93,Viajes en Taxi / Transporte,Persona B,Transporte,Transporte Público/App,Variable Diario,Registro demostración - Transporte
DEMO-20260414-1108,2026-04-14,71.56,Libros y entretenimiento,Persona B,Ocio,Hobbies,Ocasional,Registro demostración - Ocio
DEMO-20260414-1107,2026-04-14,22.07,Café y postre,Persona B,Comida,Cafetería y Snacks,Variable Diario,Registro demostración - Comida
DEMO-20260414-1106,2026-04-14,112.63,Almuerzo/Cena fin de semana,Persona B,Comida,Restaurantes,Variable Diario,Registro demostración - Comida
DEMO-20260413-1105,2026-04-13,91.56,Medicamentos y cuidado personal,Persona B,Salud,Farmacia,Variable Diario,Registro demostración - Salud
DEMO-20260413-1104,2026-04-13,56.54,Pedido de comida por app,Persona A,Comida,Delivery,Variable Diario,Registro demostración - Comida
DEMO-20260413-1103,2026-04-13,166.82,Almuerzo/Cena fin de semana,Persona A,Comida,Restaurantes,Variable Diario,Registro demostración - Comida
DEMO-20260413-1102,2026-04-13,97.94,Artículos de limpieza y ferretería,Persona B,Hogar,Mantenimiento,Ocasional,Registro demostración - Hogar
DEMO-20260412-1099,2026-04-12,24.66,Café y postre,Persona B,Comida,Cafetería y Snacks,Variable Diario,Registro demostración - Comida
DEMO-20260412-1098,2026-04-12,124.69,Almuerzo/Cena fin de semana,Persona A,Comida,Restaurantes,Variable Diario,Registro demostración - Comida
DEMO-20260412-1100,2026-04-12,35.11,Pedido de comida por app,Persona A,Comida,Delivery,Variable Diario,Registro demostración - Comida
DEMO-20260412-1101,2026-04-12,42.69,Viajes en Taxi / Transporte,Persona B,Transporte,Transporte Público/App,Variable Diario,Registro demostración - Transporte
DEMO-20260411-1097,2026-04-11,97.15,Medicamentos y cuidado personal,Persona B,Salud,Farmacia,Variable Diario,Registro demostración - Salud
DEMO-20260409-1096,2026-04-09,16.72,Viajes en Taxi / Transporte,Persona B,Transporte,Transporte Público/App,Variable Diario,Registro demostración - Transporte
DEMO-20260409-1095,2026-04-09,16.59,Café y postre,Persona B,Comida,Cafetería y Snacks,Variable Diario,Registro demostración - Comida
DEMO-20260407-1094,2026-04-07,15.28,Viajes en Taxi / Transporte,Persona B,Transporte,Transporte Público/App,Variable Diario,Registro demostración - Transporte
DEMO-20260405-1089,2026-04-05,20.4,Café y postre,Persona B,Comida,Cafetería y Snacks,Variable Diario,Registro demostración - Comida
DEMO-20260405-1086,2026-04-05,1400.0,Alquiler de departamento,Persona B,Hogar,Alquiler,Fijo Mensual,Registro demostración - Hogar
DEMO-20260405-1087,2026-04-05,197.51,Recibo de Luz y Agua,Persona A,Hogar,Servicios Básicos,Fijo Mensual,Registro demostración - Hogar
DEMO-20260405-1088,2026-04-05,116.33,Internet fibra óptica y telefonía,Persona B,Hogar,Internet/Telefonía,Fijo Mensual,Registro demostración - Hogar
DEMO-20260405-1090,2026-04-05,24.88,Viajes en Taxi / Transporte,Persona B,Transporte,Transporte Público/App,Variable Diario,Registro demostración - Transporte
DEMO-20260405-1091,2026-04-05,54.09,Suscripción Netflix & Spotify,Persona A,Ocio,Streaming,Fijo Mensual,Registro demostración - Ocio
DEMO-20260405-1093,2026-04-05,634.82,Aporte a fondo de inversión / ahorro,Persona A,Ahorro/Inversión,Fondo de Emergencia,Fijo Mensual,Registro demostración - Ahorro/Inversión
DEMO-20260405-1092,2026-04-05,392.77,Cuota amortización de deuda,Persona B,Deuda,Tarjeta de Crédito,Fijo Mensual,Registro demostración - Deuda
DEMO-20260404-1085,2026-04-04,20.08,Café y postre,Persona B,Comida,Cafetería y Snacks,Variable Diario,Registro demostración - Comida
DEMO-20260404-1084,2026-04-04,256.36,Compra semanal de alimentos y víveres,Persona A,Comida,Supermercado,Variable Diario,Registro demostración - Comida
DEMO-20260403-1083,2026-04-03,20.64,Viajes en Taxi / Transporte,Persona B,Transporte,Transporte Público/App,Variable Diario,Registro demostración - Transporte
DEMO-20260403-1082,2026-04-03,185.58,Gasolina / Carga de combustible,Persona A,Transporte,Combustible,Variable Diario,Registro demostración - Transporte
DEMO-20260402-1081,2026-04-02,146.13,Lavado y afinamiento,Persona A,Transporte,Mantenimiento Vehicular,Ocasional,Registro demostración - Transporte
DEMO-20260402-1080,2026-04-02,177.59,Almuerzo/Cena fin de semana,Persona B,Comida,Restaurantes,Variable Diario,Registro demostración - Comida
DEMO-20260401-1079,2026-04-01,65.78,Medicamentos y cuidado personal,Persona B,Salud,Farmacia,Variable Diario,Registro demostración - Salud
DEMO-20260331-1078,2026-03-31,17.5,Café y postre,Persona B,Comida,Cafetería y Snacks,Variable Diario,Registro demostración - Comida
DEMO-20260331-1077,2026-03-31,118.1,Almuerzo/Cena fin de semana,Persona B,Comida,Restaurantes,Variable Diario,Registro demostración - Comida
DEMO-20260330-1076,2026-03-30,18.6,Viajes en Taxi / Transporte,Persona B,Transporte,Transporte Público/App,Variable Diario,Registro demostración - Transporte
DEMO-20260329-1075,2026-03-29,129.5,Cine / Concierto / Teatro,Persona B,Ocio,Salidas y Eventos,Ocasional,Registro demostración - Ocio
DEMO-20260329-1074,2026-03-29,36.68,Viajes en Taxi / Transporte,Persona B,Transporte,Transporte Público/App,Variable Diario,Registro demostración - Transporte
DEMO-20260329-1073,2026-03-29,25.31,Café y postre,Persona B,Comida,Cafetería y Snacks,Variable Diario,Registro demostración - Comida
DEMO-20260328-1072,2026-03-28,67.56,Pedido de comida por app,Persona A,Comida,Delivery,Variable Diario,Registro demostración - Comida
DEMO-20260328-1070,2026-03-28,319.19,Compra semanal de alimentos y víveres,Persona B,Comida,Supermercado,Variable Diario,Registro demostración - Comida
DEMO-20260328-1071,2026-03-28,31.09,Café y postre,Persona B,Comida,Cafetería y Snacks,Variable Diario,Registro demostración - Comida
DEMO-20260327-1069,2026-03-27,40.69,Viajes en Taxi / Transporte,Persona B,Transporte,Transporte Público/App,Variable Diario,Registro demostración - Transporte
DEMO-20260326-1067,2026-03-26,189.23,Gasolina / Carga de combustible,Persona A,Transporte,Combustible,Variable Diario,Registro demostración - Transporte
DEMO-20260326-1068,2026-03-26,29.63,Viajes en Taxi / Transporte,Persona B,Transporte,Transporte Público/App,Variable Diario,Registro demostración - Transporte
DEMO-20260325-1066,2026-03-25,44.91,Viajes en Taxi / Transporte,Persona B,Transporte,Transporte Público/App,Variable Diario,Registro demostración - Transporte
DEMO-20260325-1065,2026-03-25,139.84,Almuerzo/Cena fin de semana,Persona A,Comida,Restaurantes,Variable Diario,Registro demostración - Comida
DEMO-20260323-1064,2026-03-23,168.57,Curso online de especialización,Persona A,Educación,Cursos y Certificaciones,Ocasional,Registro demostración - Educación
DEMO-20260323-1063,2026-03-23,72.03,Pedido de comida por app,Persona A,Comida,Delivery,Variable Diario,Registro demostración - Comida
DEMO-20260323-1062,2026-03-23,16.75,Café y postre,Persona B,Comida,Cafetería y Snacks,Variable Diario,Registro demostración - Comida
DEMO-20260322-1061,2026-03-22,28.84,Café y postre,Persona B,Comida,Cafetería y Snacks,Variable Diario,Registro demostración - Comida
DEMO-20260322-1060,2026-03-22,76.29,Almuerzo/Cena fin de semana,Persona B,Comida,Restaurantes,Variable Diario,Registro demostración - Comida
DEMO-20260321-1057,2026-03-21,68.13,Pedido de comida por app,Persona A,Comida,Delivery,Variable Diario,Registro demostración - Comida
DEMO-20260321-1054,2026-03-21,279.59,Compra semanal de alimentos y víveres,Persona A,Comida,Supermercado,Variable Diario,Registro demostración - Comida
DEMO-20260321-1055,2026-03-21,140.77,Almuerzo/Cena fin de semana,Persona B,Comida,Restaurantes,Variable Diario,Registro demostración - Comida
DEMO-20260321-1056,2026-03-21,23.93,Café y postre,Persona B,Comida,Cafetería y Snacks,Variable Diario,Registro demostración - Comida
DEMO-20260321-1058,2026-03-21,37.6,Viajes en Taxi / Transporte,Persona B,Transporte,Transporte Público/App,Variable Diario,Registro demostración - Transporte
DEMO-20260321-1059,2026-03-21,135.23,Cine / Concierto / Teatro,Persona A,Ocio,Salidas y Eventos,Ocasional,Registro demostración - Ocio
DEMO-20260320-1053,2026-03-20,34.75,Viajes en Taxi / Transporte,Persona B,Transporte,Transporte Público/App,Variable Diario,Registro demostración - Transporte
DEMO-20260319-1052,2026-03-19,58.82,Medicamentos y cuidado personal,Persona A,Salud,Farmacia,Variable Diario,Registro demostración - Salud
DEMO-20260319-1051,2026-03-19,20.64,Viajes en Taxi / Transporte,Persona B,Transporte,Transporte Público/App,Variable Diario,Registro demostración - Transporte
DEMO-20260318-1050,2026-03-18,200.58,Cine / Concierto / Teatro,Persona B,Ocio,Salidas y Eventos,Ocasional,Registro demostración - Ocio
DEMO-20260317-1049,2026-03-17,30.6,Viajes en Taxi / Transporte,Persona B,Transporte,Transporte Público/App,Variable Diario,Registro demostración - Transporte
DEMO-20260317-1048,2026-03-17,45.55,Pedido de comida por app,Persona A,Comida,Delivery,Variable Diario,Registro demostración - Comida
DEMO-20260317-1047,2026-03-17,330.36,Compra semanal de alimentos y víveres,Persona A,Comida,Supermercado,Variable Diario,Registro demostración - Comida
DEMO-20260315-1045,2026-03-15,193.97,Compra semanal de alimentos y víveres,Persona B,Comida,Supermercado,Variable Diario,Registro demostración - Comida
DEMO-20260315-1044,2026-03-15,64.37,Artículos de limpieza y ferretería,Persona B,Hogar,Mantenimiento,Ocasional,Registro demostración - Hogar
DEMO-20260315-1046,2026-03-15,36.12,Viajes en Taxi / Transporte,Persona B,Transporte,Transporte Público/App,Variable Diario,Registro demostración - Transporte
DEMO-20260314-1042,2026-03-14,96.27,Almuerzo/Cena fin de semana,Persona B,Comida,Restaurantes,Variable Diario,Registro demostración - Comida
DEMO-20260314-1041,2026-03-14,264.59,Compra semanal de alimentos y víveres,Persona B,Comida,Supermercado,Variable Diario,Registro demostración - Comida
DEMO-20260314-1043,2026-03-14,29.68,Café y postre,Persona B,Comida,Cafetería y Snacks,Variable Diario,Registro demostración - Comida
DEMO-20260313-1040,2026-03-13,101.68,Libros y entretenimiento,Persona B,Ocio,Hobbies,Ocasional,Registro demostración - Ocio
DEMO-20260313-1039,2026-03-13,24.11,Café y postre,Persona B,Comida,Cafetería y Snacks,Variable Diario,Registro demostración - Comida
DEMO-20260313-1038,2026-03-13,139.88,Almuerzo/Cena fin de semana,Persona A,Comida,Restaurantes,Variable Diario,Registro demostración - Comida
DEMO-20260312-1037,2026-03-12,151.55,Almuerzo/Cena fin de semana,Persona B,Comida,Restaurantes,Variable Diario,Registro demostración - Comida
DEMO-20260311-1036,2026-03-11,27.47,Viajes en Taxi / Transporte,Persona B,Transporte,Transporte Público/App,Variable Diario,Registro demostración - Transporte
DEMO-20260311-1035,2026-03-11,32.23,Café y postre,Persona B,Comida,Cafetería y Snacks,Variable Diario,Registro demostración - Comida
DEMO-20260310-1034,2026-03-10,31.12,Viajes en Taxi / Transporte,Persona B,Transporte,Transporte Público/App,Variable Diario,Registro demostración - Transporte
DEMO-20260310-1033,2026-03-10,192.52,Gasolina / Carga de combustible,Persona A,Transporte,Combustible,Variable Diario,Registro demostración - Transporte
DEMO-20260308-1032,2026-03-08,20.21,Viajes en Taxi / Transporte,Persona B,Transporte,Transporte Público/App,Variable Diario,Registro demostración - Transporte
DEMO-20260308-1031,2026-03-08,84.6,Pedido de comida por app,Persona A,Comida,Delivery,Variable Diario,Registro demostración - Comida
DEMO-20260308-1030,2026-03-08,164.38,Almuerzo/Cena fin de semana,Persona A,Comida,Restaurantes,Variable Diario,Registro demostración - Comida
DEMO-20260307-1029,2026-03-07,22.27,Viajes en Taxi / Transporte,Persona B,Transporte,Transporte Público/App,Variable Diario,Registro demostración - Transporte
DEMO-20260307-1028,2026-03-07,36.18,Pedido de comida por app,Persona A,Comida,Delivery,Variable Diario,Registro demostración - Comida
DEMO-20260306-1027,2026-03-06,21.13,Viajes en Taxi / Transporte,Persona B,Transporte,Transporte Público/App,Variable Diario,Registro demostración - Transporte
DEMO-20260306-1026,2026-03-06,53.73,Pedido de comida por app,Persona A,Comida,Delivery,Variable Diario,Registro demostración - Comida
DEMO-20260305-1018,2026-03-05,1400.0,Alquiler de departamento,Persona A,Hogar,Alquiler,Fijo Mensual,Registro demostración - Hogar
DEMO-20260305-1019,2026-03-05,157.64,Recibo de Luz y Agua,Persona A,Hogar,Servicios Básicos,Fijo Mensual,Registro demostración - Hogar
DEMO-20260305-1022,2026-03-05,54.78,Suscripción Netflix & Spotify,Persona A,Ocio,Streaming,Fijo Mensual,Registro demostración - Ocio
DEMO-20260305-1021,2026-03-05,37.85,Viajes en Taxi / Transporte,Persona B,Transporte,Transporte Público/App,Variable Diario,Registro demostración - Transporte
DEMO-20260305-1020,2026-03-05,111.89,Internet fibra óptica y telefonía,Persona B,Hogar,Internet/Telefonía,Fijo Mensual,Registro demostración - Hogar
DEMO-20260305-1023,2026-03-05,102.97,Medicamentos y cuidado personal,Persona B,Salud,Farmacia,Variable Diario,Registro demostración - Salud
DEMO-20260305-1024,2026-03-05,398.26,Cuota amortización de deuda,Persona B,Deuda,Tarjeta de Crédito,Fijo Mensual,Registro demostración - Deuda
DEMO-20260305-1025,2026-03-05,469.78,Aporte a fondo de inversión / ahorro,Persona A,Ahorro/Inversión,Fondo de Emergencia,Fijo Mensual,Registro demostración - Ahorro/Inversión
DEMO-20260304-1017,2026-03-04,47.48,Medicamentos y cuidado personal,Persona B,Salud,Farmacia,Variable Diario,Registro demostración - Salud
DEMO-20260304-1016,2026-03-04,16.98,Viajes en Taxi / Transporte,Persona B,Transporte,Transporte Público/App,Variable Diario,Registro demostración - Transporte
DEMO-20260304-1015,2026-03-04,23.04,Café y postre,Persona B,Comida,Cafetería y Snacks,Variable Diario,Registro demostración - Comida
DEMO-20260303-1014,2026-03-03,20.01,Viajes en Taxi / Transporte,Persona B,Transporte,Transporte Público/App,Variable Diario,Registro demostración - Transporte
DEMO-20260302-1013,2026-03-02,96.43,Prendas de vestir / Calzado,Persona A,Ropa y Calzado,Vestimenta,Ocasional,Registro demostración - Ropa y Calzado
DEMO-20260302-1012,2026-03-02,69.52,Pedido de comida por app,Persona A,Comida,Delivery,Variable Diario,Registro demostración - Comida
DEMO-20260301-1009,2026-03-01,160.62,Almuerzo/Cena fin de semana,Persona A,Comida,Restaurantes,Variable Diario,Registro demostración - Comida
DEMO-20260301-1010,2026-03-01,17.48,Café y postre,Persona B,Comida,Cafetería y Snacks,Variable Diario,Registro demostración - Comida
DEMO-20260301-1011,2026-03-01,140.12,Lavado y afinamiento,Persona A,Transporte,Mantenimiento Vehicular,Ocasional,Registro demostración - Transporte
DEMO-20260228-1008,2026-02-28,36.89,Pedido de comida por app,Persona A,Comida,Delivery,Variable Diario,Registro demostración - Comida
DEMO-20260228-1007,2026-02-28,22.99,Café y postre,Persona B,Comida,Cafetería y Snacks,Variable Diario,Registro demostración - Comida
DEMO-20260227-1006,2026-02-27,26.06,Viajes en Taxi / Transporte,Persona B,Transporte,Transporte Público/App,Variable Diario,Registro demostración - Transporte
DEMO-20260227-1005,2026-02-27,147.18,Almuerzo/Cena fin de semana,Persona A,Comida,Restaurantes,Variable Diario,Registro demostración - Comida
DEMO-20260226-1004,2026-02-26,26.54,Viajes en Taxi / Transporte,Persona B,Transporte,Transporte Público/App,Variable Diario,Registro demostración - Transporte
DEMO-20260225-1003,2026-02-25,47.29,Libros y entretenimiento,Persona B,Ocio,Hobbies,Ocasional,Registro demostración - Ocio
DEMO-20260224-1002,2026-02-24,39.54,Viajes en Taxi / Transporte,Persona B,Transporte,Transporte Público/App,Variable Diario,Registro demostración - Transporte
DEMO-20260223-0999,2026-02-23,44.95,Pedido de comida por app,Persona A,Comida,Delivery,Variable Diario,Registro demostración - Comida
DEMO-20260223-1001,2026-02-23,162.48,Consulta odontológica / médica,Persona B,Salud,Consultas Médicas,Ocasional,Registro demostración - Salud
DEMO-20260223-1000,2026-02-23,21.18,Viajes en Taxi / Transporte,Persona B,Transporte,Transporte Público/App,Variable Diario,Registro demostración - Transporte
DEMO-20260222-0998,2026-02-22,43.46,Viajes en Taxi / Transporte,Persona B,Transporte,Transporte Público/App,Variable Diario,Registro demostración - Transporte
DEMO-20260221-0996,2026-02-21,368.67,Compra semanal de alimentos y víveres,Persona A,Comida,Supermercado,Variable Diario,Registro demostración - Comida
DEMO-20260221-0997,2026-02-21,37.58,Viajes en Taxi / Transporte,Persona B,Transporte,Transporte Público/App,Variable Diario,Registro demostración - Transporte
DEMO-20260219-0995,2026-02-19,95.94,Almuerzo/Cena fin de semana,Persona B,Comida,Restaurantes,Variable Diario,Registro demostración - Comida
DEMO-20260219-0994,2026-02-19,351.0,Compra semanal de alimentos y víveres,Persona B,Comida,Supermercado,Variable Diario,Registro demostración - Comida
DEMO-20260218-0993,2026-02-18,25.81,Viajes en Taxi / Transporte,Persona B,Transporte,Transporte Público/App,Variable Diario,Registro demostración - Transporte
DEMO-20260218-0992,2026-02-18,48.82,Pedido de comida por app,Persona A,Comida,Delivery,Variable Diario,Registro demostración - Comida
DEMO-20260217-0991,2026-02-17,28.53,Viajes en Taxi / Transporte,Persona B,Transporte,Transporte Público/App,Variable Diario,Registro demostración - Transporte
DEMO-20260217-0990,2026-02-17,160.98,Gasolina / Carga de combustible,Persona A,Transporte,Combustible,Variable Diario,Registro demostración - Transporte
DEMO-20260215-0989,2026-02-15,41.47,Viajes en Taxi / Transporte,Persona B,Transporte,Transporte Público/App,Variable Diario,Registro demostración - Transporte
DEMO-20260214-0988,2026-02-14,111.54,Almuerzo/Cena fin de semana,Persona A,Comida,Restaurantes,Variable Diario,Registro demostración - Comida
DEMO-20260213-0987,2026-02-13,367.22,Compra semanal de alimentos y víveres,Persona B,Comida,Supermercado,Variable Diario,Registro demostración - Comida
DEMO-20260212-0984,2026-02-12,112.85,Almuerzo/Cena fin de semana,Persona B,Comida,Restaurantes,Variable Diario,Registro demostración - Comida
DEMO-20260212-0983,2026-02-12,186.0,Compra semanal de alimentos y víveres,Persona A,Comida,Supermercado,Variable Diario,Registro demostración - Comida
DEMO-20260212-0986,2026-02-12,229.57,Consulta odontológica / médica,Persona A,Salud,Consultas Médicas,Ocasional,Registro demostración - Salud
DEMO-20260212-0985,2026-02-12,15.59,Café y postre,Persona B,Comida,Cafetería y Snacks,Variable Diario,Registro demostración - Comida
DEMO-20260211-0982,2026-02-11,46.15,Pedido de comida por app,Persona A,Comida,Delivery,Variable Diario,Registro demostración - Comida
DEMO-20260211-0981,2026-02-11,19.39,Café y postre,Persona B,Comida,Cafetería y Snacks,Variable Diario,Registro demostración - Comida
DEMO-20260210-0980,2026-02-10,35.04,Viajes en Taxi / Transporte,Persona B,Transporte,Transporte Público/App,Variable Diario,Registro demostración - Transporte
DEMO-20260210-0979,2026-02-10,19.01,Café y postre,Persona B,Comida,Cafetería y Snacks,Variable Diario,Registro demostración - Comida
DEMO-20260210-0978,2026-02-10,281.42,Compra semanal de alimentos y víveres,Persona A,Comida,Supermercado,Variable Diario,Registro demostración - Comida
DEMO-20260210-0977,2026-02-10,112.44,Artículos de limpieza y ferretería,Persona A,Hogar,Mantenimiento,Ocasional,Registro demostración - Hogar
DEMO-20260209-0976,2026-02-09,50.58,Pedido de comida por app,Persona A,Comida,Delivery,Variable Diario,Registro demostración - Comida
DEMO-20260208-0974,2026-02-08,20.77,Viajes en Taxi / Transporte,Persona B,Transporte,Transporte Público/App,Variable Diario,Registro demostración - Transporte
DEMO-20260208-0973,2026-02-08,33.75,Café y postre,Persona B,Comida,Cafetería y Snacks,Variable Diario,Registro demostración - Comida
DEMO-20260208-0975,2026-02-08,103.15,Libros y entretenimiento,Persona B,Ocio,Hobbies,Ocasional,Registro demostración - Ocio
DEMO-20260207-0971,2026-02-07,197.49,Cine / Concierto / Teatro,Persona B,Ocio,Salidas y Eventos,Ocasional,Registro demostración - Ocio
DEMO-20260207-0970,2026-02-07,18.05,Viajes en Taxi / Transporte,Persona B,Transporte,Transporte Público/App,Variable Diario,Registro demostración - Transporte
DEMO-20260207-0969,2026-02-07,168.86,Gasolina / Carga de combustible,Persona A,Transporte,Combustible,Variable Diario,Registro demostración - Transporte
DEMO-20260207-0968,2026-02-07,75.12,Pedido de comida por app,Persona A,Comida,Delivery,Variable Diario,Registro demostración - Comida
DEMO-20260207-0967,2026-02-07,48.83,Artículos de limpieza y ferretería,Persona B,Hogar,Mantenimiento,Ocasional,Registro demostración - Hogar
DEMO-20260207-0972,2026-02-07,138.3,Periféricos y gadgets,Persona A,Tecnología,Accesorios,Ocasional,Registro demostración - Tecnología
DEMO-20260206-0966,2026-02-06,25.01,Viajes en Taxi / Transporte,Persona B,Transporte,Transporte Público/App,Variable Diario,Registro demostración - Transporte
DEMO-20260206-0965,2026-02-06,17.16,Café y postre,Persona B,Comida,Cafetería y Snacks,Variable Diario,Registro demostración - Comida
DEMO-20260205-0963,2026-02-05,254.18,Cuota amortización de deuda,Persona B,Deuda,Tarjeta de Crédito,Fijo Mensual,Registro demostración - Deuda
DEMO-20260205-0959,2026-02-05,20.56,Café y postre,Persona B,Comida,Cafetería y Snacks,Variable Diario,Registro demostración - Comida
DEMO-20260205-0956,2026-02-05,1400.0,Alquiler de departamento,Persona A,Hogar,Alquiler,Fijo Mensual,Registro demostración - Hogar
DEMO-20260205-0957,2026-02-05,187.61,Recibo de Luz y Agua,Persona A,Hogar,Servicios Básicos,Fijo Mensual,Registro demostración - Hogar
DEMO-20260205-0958,2026-02-05,119.33,Internet fibra óptica y telefonía,Persona B,Hogar,Internet/Telefonía,Fijo Mensual,Registro demostración - Hogar
DEMO-20260205-0964,2026-02-05,529.58,Aporte a fondo de inversión / ahorro,Persona A,Ahorro/Inversión,Fondo de Emergencia,Fijo Mensual,Registro demostración - Ahorro/Inversión
DEMO-20260205-0960,2026-02-05,20.84,Viajes en Taxi / Transporte,Persona B,Transporte,Transporte Público/App,Variable Diario,Registro demostración - Transporte
DEMO-20260205-0961,2026-02-05,50.72,Suscripción Netflix & Spotify,Persona A,Ocio,Streaming,Fijo Mensual,Registro demostración - Ocio
DEMO-20260205-0962,2026-02-05,180.62,Cine / Concierto / Teatro,Persona B,Ocio,Salidas y Eventos,Ocasional,Registro demostración - Ocio
DEMO-20260204-0954,2026-02-04,83.49,Pedido de comida por app,Persona A,Comida,Delivery,Variable Diario,Registro demostración - Comida
DEMO-20260204-0955,2026-02-04,74.17,Libros y entretenimiento,Persona B,Ocio,Hobbies,Ocasional,Registro demostración - Ocio
DEMO-20260203-0951,2026-02-03,178.11,Almuerzo/Cena fin de semana,Persona B,Comida,Restaurantes,Variable Diario,Registro demostración - Comida
DEMO-20260203-0950,2026-02-03,278.57,Compra semanal de alimentos y víveres,Persona A,Comida,Supermercado,Variable Diario,Registro demostración - Comida
DEMO-20260203-0952,2026-02-03,20.55,Café y postre,Persona B,Comida,Cafetería y Snacks,Variable Diario,Registro demostración - Comida
DEMO-20260203-0953,2026-02-03,37.16,Viajes en Taxi / Transporte,Persona B,Transporte,Transporte Público/App,Variable Diario,Registro demostración - Transporte
DEMO-20260202-0949,2026-02-02,179.45,Gasolina / Carga de combustible,Persona A,Transporte,Combustible,Variable Diario,Registro demostración - Transporte
DEMO-20260202-0948,2026-02-02,22.41,Café y postre,Persona B,Comida,Cafetería y Snacks,Variable Diario,Registro demostración - Comida
DEMO-20260202-0947,2026-02-02,152.16,Almuerzo/Cena fin de semana,Persona A,Comida,Restaurantes,Variable Diario,Registro demostración - Comida
DEMO-20260201-0946,2026-02-01,42.48,Libros y entretenimiento,Persona B,Ocio,Hobbies,Ocasional,Registro demostración - Ocio
DEMO-20260201-0945,2026-02-01,32.91,Café y postre,Persona B,Comida,Cafetería y Snacks,Variable Diario,Registro demostración - Comida
DEMO-20260201-0944,2026-02-01,61.15,Almuerzo/Cena fin de semana,Persona A,Comida,Restaurantes,Variable Diario,Registro demostración - Comida
DEMO-20260130-0943,2026-01-30,31.81,Café y postre,Persona B,Comida,Cafetería y Snacks,Variable Diario,Registro demostración - Comida
DEMO-20260129-0941,2026-01-29,124.85,Almuerzo/Cena fin de semana,Persona A,Comida,Restaurantes,Variable Diario,Registro demostración - Comida
DEMO-20260129-0942,2026-01-29,139.7,Cine / Concierto / Teatro,Persona B,Ocio,Salidas y Eventos,Ocasional,Registro demostración - Ocio
DEMO-20260128-0940,2026-01-28,31.62,Viajes en Taxi / Transporte,Persona B,Transporte,Transporte Público/App,Variable Diario,Registro demostración - Transporte
DEMO-20260128-0939,2026-01-28,15.58,Café y postre,Persona B,Comida,Cafetería y Snacks,Variable Diario,Registro demostración - Comida
DEMO-20260128-0938,2026-01-28,192.13,Compra semanal de alimentos y víveres,Persona B,Comida,Supermercado,Variable Diario,Registro demostración - Comida
DEMO-20260127-0937,2026-01-27,24.73,Viajes en Taxi / Transporte,Persona B,Transporte,Transporte Público/App,Variable Diario,Registro demostración - Transporte
DEMO-20260127-0936,2026-01-27,16.17,Café y postre,Persona B,Comida,Cafetería y Snacks,Variable Diario,Registro demostración - Comida
DEMO-20260127-0935,2026-01-27,175.33,Almuerzo/Cena fin de semana,Persona A,Comida,Restaurantes,Variable Diario,Registro demostración - Comida
DEMO-20260126-0934,2026-01-26,30.84,Viajes en Taxi / Transporte,Persona B,Transporte,Transporte Público/App,Variable Diario,Registro demostración - Transporte
DEMO-20260125-0933,2026-01-25,172.66,Gasolina / Carga de combustible,Persona A,Transporte,Combustible,Variable Diario,Registro demostración - Transporte
DEMO-20260125-0932,2026-01-25,128.43,Almuerzo/Cena fin de semana,Persona A,Comida,Restaurantes,Variable Diario,Registro demostración - Comida
DEMO-20260124-0931,2026-01-24,259.08,Compra semanal de alimentos y víveres,Persona A,Comida,Supermercado,Variable Diario,Registro demostración - Comida
DEMO-20260122-0929,2026-01-22,17.86,Café y postre,Persona B,Comida,Cafetería y Snacks,Variable Diario,Registro demostración - Comida
DEMO-20260122-0930,2026-01-22,191.18,Consulta odontológica / médica,Persona A,Salud,Consultas Médicas,Ocasional,Registro demostración - Salud
DEMO-20260121-0928,2026-01-21,132.55,Gasolina / Carga de combustible,Persona A,Transporte,Combustible,Variable Diario,Registro demostración - Transporte
DEMO-20260119-0925,2026-01-19,105.32,Almuerzo/Cena fin de semana,Persona A,Comida,Restaurantes,Variable Diario,Registro demostración - Comida
DEMO-20260119-0926,2026-01-19,25.33,Café y postre,Persona B,Comida,Cafetería y Snacks,Variable Diario,Registro demostración - Comida
DEMO-20260119-0927,2026-01-19,19.4,Viajes en Taxi / Transporte,Persona B,Transporte,Transporte Público/App,Variable Diario,Registro demostración - Transporte
DEMO-20260118-0924,2026-01-18,15.1,Café y postre,Persona B,Comida,Cafetería y Snacks,Variable Diario,Registro demostración - Comida
DEMO-20260118-0923,2026-01-18,310.19,Compra semanal de alimentos y víveres,Persona A,Comida,Supermercado,Variable Diario,Registro demostración - Comida
DEMO-20260117-0922,2026-01-17,36.39,Pedido de comida por app,Persona A,Comida,Delivery,Variable Diario,Registro demostración - Comida
DEMO-20260117-0921,2026-01-17,30.14,Café y postre,Persona B,Comida,Cafetería y Snacks,Variable Diario,Registro demostración - Comida
DEMO-20260117-0920,2026-01-17,121.4,Almuerzo/Cena fin de semana,Persona B,Comida,Restaurantes,Variable Diario,Registro demostración - Comida
DEMO-20260117-0919,2026-01-17,378.38,Compra semanal de alimentos y víveres,Persona B,Comida,Supermercado,Variable Diario,Registro demostración - Comida
DEMO-20260116-0918,2026-01-16,25.89,Café y postre,Persona B,Comida,Cafetería y Snacks,Variable Diario,Registro demostración - Comida
DEMO-20260116-0917,2026-01-16,77.17,Artículos de limpieza y ferretería,Persona A,Hogar,Mantenimiento,Ocasional,Registro demostración - Hogar
DEMO-20260115-0916,2026-01-15,66.58,Pedido de comida por app,Persona A,Comida,Delivery,Variable Diario,Registro demostración - Comida
DEMO-20260115-0915,2026-01-15,170.7,Almuerzo/Cena fin de semana,Persona A,Comida,Restaurantes,Variable Diario,Registro demostración - Comida
DEMO-20260113-0914,2026-01-13,22.98,Viajes en Taxi / Transporte,Persona B,Transporte,Transporte Público/App,Variable Diario,Registro demostración - Transporte
DEMO-20260113-0913,2026-01-13,31.7,Café y postre,Persona B,Comida,Cafetería y Snacks,Variable Diario,Registro demostración - Comida
DEMO-20260112-0912,2026-01-12,17.36,Café y postre,Persona B,Comida,Cafetería y Snacks,Variable Diario,Registro demostración - Comida
DEMO-20260111-0911,2026-01-11,211.94,Cine / Concierto / Teatro,Persona B,Ocio,Salidas y Eventos,Ocasional,Registro demostración - Ocio
DEMO-20260111-0910,2026-01-11,32.93,Café y postre,Persona B,Comida,Cafetería y Snacks,Variable Diario,Registro demostración - Comida
DEMO-20260110-0909,2026-01-10,20.22,Café y postre,Persona B,Comida,Cafetería y Snacks,Variable Diario,Registro demostración - Comida
DEMO-20260110-0908,2026-01-10,65.65,Almuerzo/Cena fin de semana,Persona A,Comida,Restaurantes,Variable Diario,Registro demostración - Comida
DEMO-20260108-0907,2026-01-08,147.15,Almuerzo/Cena fin de semana,Persona B,Comida,Restaurantes,Variable Diario,Registro demostración - Comida
DEMO-20260107-0906,2026-01-07,101.43,Medicamentos y cuidado personal,Persona B,Salud,Farmacia,Variable Diario,Registro demostración - Salud
DEMO-20260106-0905,2026-01-06,120.63,Gasolina / Carga de combustible,Persona A,Transporte,Combustible,Variable Diario,Registro demostración - Transporte
DEMO-20260106-0904,2026-01-06,26.39,Café y postre,Persona B,Comida,Cafetería y Snacks,Variable Diario,Registro demostración - Comida
DEMO-20260105-0898,2026-01-05,15.32,Café y postre,Persona B,Comida,Cafetería y Snacks,Variable Diario,Registro demostración - Comida
DEMO-20260105-0894,2026-01-05,1400.0,Alquiler de departamento,Persona B,Hogar,Alquiler,Fijo Mensual,Registro demostración - Hogar
DEMO-20260105-0895,2026-01-05,188.35,Recibo de Luz y Agua,Persona A,Hogar,Servicios Básicos,Fijo Mensual,Registro demostración - Hogar
DEMO-20260105-0896,2026-01-05,129.26,Internet fibra óptica y telefonía,Persona B,Hogar,Internet/Telefonía,Fijo Mensual,Registro demostración - Hogar
DEMO-20260105-0897,2026-01-05,76.21,Almuerzo/Cena fin de semana,Persona A,Comida,Restaurantes,Variable Diario,Registro demostración - Comida
DEMO-20260105-0903,2026-01-05,610.78,Aporte a fondo de inversión / ahorro,Persona B,Ahorro/Inversión,Fondo de Emergencia,Fijo Mensual,Registro demostración - Ahorro/Inversión
DEMO-20260105-0899,2026-01-05,34.46,Viajes en Taxi / Transporte,Persona B,Transporte,Transporte Público/App,Variable Diario,Registro demostración - Transporte
DEMO-20260105-0900,2026-01-05,49.36,Suscripción Netflix & Spotify,Persona A,Ocio,Streaming,Fijo Mensual,Registro demostración - Ocio
DEMO-20260105-0901,2026-01-05,88.2,Periféricos y gadgets,Persona A,Tecnología,Accesorios,Ocasional,Registro demostración - Tecnología
DEMO-20260105-0902,2026-01-05,272.86,Cuota amortización de deuda,Persona B,Deuda,Tarjeta de Crédito,Fijo Mensual,Registro demostración - Deuda
DEMO-20260104-0893,2026-01-04,129.24,Cine / Concierto / Teatro,Persona A,Ocio,Salidas y Eventos,Ocasional,Registro demostración - Ocio
DEMO-20260104-0892,2026-01-04,16.56,Café y postre,Persona B,Comida,Cafetería y Snacks,Variable Diario,Registro demostración - Comida
DEMO-20260103-0891,2026-01-03,29.81,Café y postre,Persona B,Comida,Cafetería y Snacks,Variable Diario,Registro demostración - Comida
DEMO-20260102-0887,2026-01-02,273.64,Compra semanal de alimentos y víveres,Persona A,Comida,Supermercado,Variable Diario,Registro demostración - Comida
DEMO-20260102-0888,2026-01-02,41.39,Pedido de comida por app,Persona A,Comida,Delivery,Variable Diario,Registro demostración - Comida
DEMO-20260102-0889,2026-01-02,46.12,Libros y entretenimiento,Persona B,Ocio,Hobbies,Ocasional,Registro demostración - Ocio
DEMO-20260102-0890,2026-01-02,38.61,Medicamentos y cuidado personal,Persona B,Salud,Farmacia,Variable Diario,Registro demostración - Salud
DEMO-20260101-0886,2026-01-01,23.45,Café y postre,Persona B,Comida,Cafetería y Snacks,Variable Diario,Registro demostración - Comida
DEMO-20251231-0885,2025-12-31,49.93,Pedido de comida por app,Persona A,Comida,Delivery,Variable Diario,Registro demostración - Comida
DEMO-20251230-0884,2025-12-30,97.89,Periféricos y gadgets,Persona A,Tecnología,Accesorios,Ocasional,Registro demostración - Tecnología
DEMO-20251230-0883,2025-12-30,80.61,Cine / Concierto / Teatro,Persona B,Ocio,Salidas y Eventos,Ocasional,Registro demostración - Ocio
DEMO-20251230-0882,2025-12-30,34.31,Viajes en Taxi / Transporte,Persona B,Transporte,Transporte Público/App,Variable Diario,Registro demostración - Transporte
DEMO-20251229-0879,2025-12-29,26.81,Café y postre,Persona B,Comida,Cafetería y Snacks,Variable Diario,Registro demostración - Comida
DEMO-20251229-0877,2025-12-29,133.35,Artículos de limpieza y ferretería,Persona A,Hogar,Mantenimiento,Ocasional,Registro demostración - Hogar
DEMO-20251229-0878,2025-12-29,141.76,Almuerzo/Cena fin de semana,Persona A,Comida,Restaurantes,Variable Diario,Registro demostración - Comida
DEMO-20251229-0880,2025-12-29,17.43,Viajes en Taxi / Transporte,Persona B,Transporte,Transporte Público/App,Variable Diario,Registro demostración - Transporte
DEMO-20251229-0881,2025-12-29,440.93,Curso online de especialización,Persona A,Educación,Cursos y Certificaciones,Ocasional,Registro demostración - Educación
DEMO-20251228-0876,2025-12-28,30.26,Viajes en Taxi / Transporte,Persona B,Transporte,Transporte Público/App,Variable Diario,Registro demostración - Transporte
DEMO-20251228-0875,2025-12-28,16.87,Café y postre,Persona B,Comida,Cafetería y Snacks,Variable Diario,Registro demostración - Comida
DEMO-20251228-0874,2025-12-28,73.5,Almuerzo/Cena fin de semana,Persona A,Comida,Restaurantes,Variable Diario,Registro demostración - Comida
DEMO-20251227-0873,2025-12-27,16.64,Viajes en Taxi / Transporte,Persona B,Transporte,Transporte Público/App,Variable Diario,Registro demostración - Transporte
DEMO-20251227-0872,2025-12-27,33.46,Café y postre,Persona B,Comida,Cafetería y Snacks,Variable Diario,Registro demostración - Comida
DEMO-20251226-0871,2025-12-26,25.82,Viajes en Taxi / Transporte,Persona B,Transporte,Transporte Público/App,Variable Diario,Registro demostración - Transporte
DEMO-20251226-0870,2025-12-26,34.57,Café y postre,Persona B,Comida,Cafetería y Snacks,Variable Diario,Registro demostración - Comida
DEMO-20251225-0868,2025-12-25,25.09,Café y postre,Persona B,Comida,Cafetería y Snacks,Variable Diario,Registro demostración - Comida
DEMO-20251225-0866,2025-12-25,109.05,Artículos de limpieza y ferretería,Persona A,Hogar,Mantenimiento,Ocasional,Registro demostración - Hogar
DEMO-20251225-0867,2025-12-25,168.99,Almuerzo/Cena fin de semana,Persona A,Comida,Restaurantes,Variable Diario,Registro demostración - Comida
DEMO-20251225-0869,2025-12-25,54.35,Libros y entretenimiento,Persona B,Ocio,Hobbies,Ocasional,Registro demostración - Ocio
DEMO-20251224-0865,2025-12-24,140.33,Cine / Concierto / Teatro,Persona B,Ocio,Salidas y Eventos,Ocasional,Registro demostración - Ocio
DEMO-20251224-0864,2025-12-24,32.49,Viajes en Taxi / Transporte,Persona B,Transporte,Transporte Público/App,Variable Diario,Registro demostración - Transporte
DEMO-20251224-0863,2025-12-24,34.52,Café y postre,Persona B,Comida,Cafetería y Snacks,Variable Diario,Registro demostración - Comida
DEMO-20251224-0862,2025-12-24,81.64,Almuerzo/Cena fin de semana,Persona A,Comida,Restaurantes,Variable Diario,Registro demostración - Comida
DEMO-20251223-0861,2025-12-23,21.09,Viajes en Taxi / Transporte,Persona B,Transporte,Transporte Público/App,Variable Diario,Registro demostración - Transporte
DEMO-20251223-0860,2025-12-23,323.72,Compra semanal de alimentos y víveres,Persona B,Comida,Supermercado,Variable Diario,Registro demostración - Comida
DEMO-20251221-0859,2025-12-21,35.62,Viajes en Taxi / Transporte,Persona B,Transporte,Transporte Público/App,Variable Diario,Registro demostración - Transporte
DEMO-20251221-0858,2025-12-21,58.92,Pedido de comida por app,Persona A,Comida,Delivery,Variable Diario,Registro demostración - Comida
DEMO-20251221-0857,2025-12-21,30.85,Café y postre,Persona B,Comida,Cafetería y Snacks,Variable Diario,Registro demostración - Comida
DEMO-20251220-0855,2025-12-20,15.55,Café y postre,Persona B,Comida,Cafetería y Snacks,Variable Diario,Registro demostración - Comida
DEMO-20251220-0854,2025-12-20,132.25,Almuerzo/Cena fin de semana,Persona B,Comida,Restaurantes,Variable Diario,Registro demostración - Comida
DEMO-20251220-0856,2025-12-20,67.08,Pedido de comida por app,Persona A,Comida,Delivery,Variable Diario,Registro demostración - Comida
DEMO-20251219-0853,2025-12-19,189.32,Gasolina / Carga de combustible,Persona A,Transporte,Combustible,Variable Diario,Registro demostración - Transporte
DEMO-20251219-0852,2025-12-19,267.77,Compra semanal de alimentos y víveres,Persona B,Comida,Supermercado,Variable Diario,Registro demostración - Comida
DEMO-20251218-0851,2025-12-18,106.86,Medicamentos y cuidado personal,Persona B,Salud,Farmacia,Variable Diario,Registro demostración - Salud
DEMO-20251218-0850,2025-12-18,126.33,Almuerzo/Cena fin de semana,Persona B,Comida,Restaurantes,Variable Diario,Registro demostración - Comida
DEMO-20251217-0849,2025-12-17,245.68,Consulta odontológica / médica,Persona A,Salud,Consultas Médicas,Ocasional,Registro demostración - Salud
DEMO-20251217-0848,2025-12-17,23.48,Café y postre,Persona B,Comida,Cafetería y Snacks,Variable Diario,Registro demostración - Comida
DEMO-20251217-0847,2025-12-17,124.02,Almuerzo/Cena fin de semana,Persona A,Comida,Restaurantes,Variable Diario,Registro demostración - Comida
DEMO-20251216-0845,2025-12-16,64.99,Pedido de comida por app,Persona A,Comida,Delivery,Variable Diario,Registro demostración - Comida
DEMO-20251216-0844,2025-12-16,139.71,Almuerzo/Cena fin de semana,Persona B,Comida,Restaurantes,Variable Diario,Registro demostración - Comida
DEMO-20251216-0846,2025-12-16,39.97,Viajes en Taxi / Transporte,Persona B,Transporte,Transporte Público/App,Variable Diario,Registro demostración - Transporte
DEMO-20251215-0843,2025-12-15,16.91,Viajes en Taxi / Transporte,Persona B,Transporte,Transporte Público/App,Variable Diario,Registro demostración - Transporte
DEMO-20251215-0842,2025-12-15,79.83,Pedido de comida por app,Persona A,Comida,Delivery,Variable Diario,Registro demostración - Comida
DEMO-20251215-0841,2025-12-15,162.3,Almuerzo/Cena fin de semana,Persona B,Comida,Restaurantes,Variable Diario,Registro demostración - Comida
DEMO-20251214-0840,2025-12-14,39.82,Viajes en Taxi / Transporte,Persona B,Transporte,Transporte Público/App,Variable Diario,Registro demostración - Transporte
DEMO-20251214-0839,2025-12-14,135.35,Gasolina / Carga de combustible,Persona A,Transporte,Combustible,Variable Diario,Registro demostración - Transporte
DEMO-20251214-0838,2025-12-14,27.02,Café y postre,Persona B,Comida,Cafetería y Snacks,Variable Diario,Registro demostración - Comida
DEMO-20251213-0837,2025-12-13,19.43,Viajes en Taxi / Transporte,Persona B,Transporte,Transporte Público/App,Variable Diario,Registro demostración - Transporte
DEMO-20251213-0836,2025-12-13,26.32,Café y postre,Persona B,Comida,Cafetería y Snacks,Variable Diario,Registro demostración - Comida
DEMO-20251212-0831,2025-12-12,158.85,Almuerzo/Cena fin de semana,Persona B,Comida,Restaurantes,Variable Diario,Registro demostración - Comida
DEMO-20251212-0833,2025-12-12,55.12,Pedido de comida por app,Persona A,Comida,Delivery,Variable Diario,Registro demostración - Comida
DEMO-20251212-0832,2025-12-12,25.8,Café y postre,Persona B,Comida,Cafetería y Snacks,Variable Diario,Registro demostración - Comida
DEMO-20251212-0835,2025-12-12,175.5,Cine / Concierto / Teatro,Persona A,Ocio,Salidas y Eventos,Ocasional,Registro demostración - Ocio
DEMO-20251212-0834,2025-12-12,37.9,Viajes en Taxi / Transporte,Persona B,Transporte,Transporte Público/App,Variable Diario,Registro demostración - Transporte
DEMO-20251211-0830,2025-12-11,97.53,Medicamentos y cuidado personal,Persona A,Salud,Farmacia,Variable Diario,Registro demostración - Salud
DEMO-20251211-0829,2025-12-11,44.89,Viajes en Taxi / Transporte,Persona B,Transporte,Transporte Público/App,Variable Diario,Registro demostración - Transporte
DEMO-20251211-0828,2025-12-11,136.25,Almuerzo/Cena fin de semana,Persona A,Comida,Restaurantes,Variable Diario,Registro demostración - Comida
DEMO-20251211-0827,2025-12-11,239.9,Compra semanal de alimentos y víveres,Persona B,Comida,Supermercado,Variable Diario,Registro demostración - Comida
DEMO-20251210-0825,2025-12-10,157.58,Gasolina / Carga de combustible,Persona A,Transporte,Combustible,Variable Diario,Registro demostración - Transporte
DEMO-20251210-0824,2025-12-10,82.5,Artículos de limpieza y ferretería,Persona B,Hogar,Mantenimiento,Ocasional,Registro demostración - Hogar
DEMO-20251210-0826,2025-12-10,24.5,Viajes en Taxi / Transporte,Persona B,Transporte,Transporte Público/App,Variable Diario,Registro demostración - Transporte
DEMO-20251209-0823,2025-12-09,25.54,Viajes en Taxi / Transporte,Persona B,Transporte,Transporte Público/App,Variable Diario,Registro demostración - Transporte
DEMO-20251209-0822,2025-12-09,147.61,Gasolina / Carga de combustible,Persona A,Transporte,Combustible,Variable Diario,Registro demostración - Transporte
DEMO-20251209-0821,2025-12-09,32.83,Café y postre,Persona B,Comida,Cafetería y Snacks,Variable Diario,Registro demostración - Comida
DEMO-20251209-0820,2025-12-09,50.19,Artículos de limpieza y ferretería,Persona B,Hogar,Mantenimiento,Ocasional,Registro demostración - Hogar
DEMO-20251208-0819,2025-12-08,51.07,Medicamentos y cuidado personal,Persona B,Salud,Farmacia,Variable Diario,Registro demostración - Salud
DEMO-20251208-0818,2025-12-08,31.18,Viajes en Taxi / Transporte,Persona B,Transporte,Transporte Público/App,Variable Diario,Registro demostración - Transporte
DEMO-20251208-0817,2025-12-08,30.28,Café y postre,Persona B,Comida,Cafetería y Snacks,Variable Diario,Registro demostración - Comida
DEMO-20251207-0814,2025-12-07,25.85,Café y postre,Persona B,Comida,Cafetería y Snacks,Variable Diario,Registro demostración - Comida
DEMO-20251207-0813,2025-12-07,139.45,Almuerzo/Cena fin de semana,Persona B,Comida,Restaurantes,Variable Diario,Registro demostración - Comida
DEMO-20251207-0812,2025-12-07,131.44,Artículos de limpieza y ferretería,Persona B,Hogar,Mantenimiento,Ocasional,Registro demostración - Hogar
DEMO-20251207-0815,2025-12-07,37.92,Viajes en Taxi / Transporte,Persona B,Transporte,Transporte Público/App,Variable Diario,Registro demostración - Transporte
DEMO-20251207-0816,2025-12-07,130.68,Prendas de vestir / Calzado,Persona B,Ropa y Calzado,Vestimenta,Ocasional,Registro demostración - Ropa y Calzado
DEMO-20251206-0811,2025-12-06,16.59,Viajes en Taxi / Transporte,Persona B,Transporte,Transporte Público/App,Variable Diario,Registro demostración - Transporte
DEMO-20251206-0810,2025-12-06,24.95,Café y postre,Persona B,Comida,Cafetería y Snacks,Variable Diario,Registro demostración - Comida
DEMO-20251206-0809,2025-12-06,114.56,Almuerzo/Cena fin de semana,Persona A,Comida,Restaurantes,Variable Diario,Registro demostración - Comida
DEMO-20251205-0805,2025-12-05,40.32,Viajes en Taxi / Transporte,Persona B,Transporte,Transporte Público/App,Variable Diario,Registro demostración - Transporte
DEMO-20251205-0801,2025-12-05,1400.0,Alquiler de departamento,Persona A,Hogar,Alquiler,Fijo Mensual,Registro demostración - Hogar
DEMO-20251205-0802,2025-12-05,148.35,Recibo de Luz y Agua,Persona A,Hogar,Servicios Básicos,Fijo Mensual,Registro demostración - Hogar
DEMO-20251205-0804,2025-12-05,53.19,Pedido de comida por app,Persona A,Comida,Delivery,Variable Diario,Registro demostración - Comida
DEMO-20251205-0803,2025-12-05,117.9,Internet fibra óptica y telefonía,Persona B,Hogar,Internet/Telefonía,Fijo Mensual,Registro demostración - Hogar
DEMO-20251205-0806,2025-12-05,47.33,Suscripción Netflix & Spotify,Persona A,Ocio,Streaming,Fijo Mensual,Registro demostración - Ocio
DEMO-20251205-0807,2025-12-05,391.48,Cuota amortización de deuda,Persona B,Deuda,Tarjeta de Crédito,Fijo Mensual,Registro demostración - Deuda
DEMO-20251205-0808,2025-12-05,506.83,Aporte a fondo de inversión / ahorro,Persona B,Ahorro/Inversión,Fondo de Emergencia,Fijo Mensual,Registro demostración - Ahorro/Inversión
DEMO-20251204-0800,2025-12-04,245.06,Prendas de vestir / Calzado,Persona A,Ropa y Calzado,Vestimenta,Ocasional,Registro demostración - Ropa y Calzado
DEMO-20251203-0799,2025-12-03,28.98,Viajes en Taxi / Transporte,Persona B,Transporte,Transporte Público/App,Variable Diario,Registro demostración - Transporte
DEMO-20251203-0798,2025-12-03,25.29,Café y postre,Persona B,Comida,Cafetería y Snacks,Variable Diario,Registro demostración - Comida
DEMO-20251203-0797,2025-12-03,102.58,Almuerzo/Cena fin de semana,Persona B,Comida,Restaurantes,Variable Diario,Registro demostración - Comida
DEMO-20251202-0796,2025-12-02,42.05,Viajes en Taxi / Transporte,Persona B,Transporte,Transporte Público/App,Variable Diario,Registro demostración - Transporte
DEMO-20251202-0795,2025-12-02,45.85,Pedido de comida por app,Persona A,Comida,Delivery,Variable Diario,Registro demostración - Comida
DEMO-20251202-0794,2025-12-02,26.56,Café y postre,Persona B,Comida,Cafetería y Snacks,Variable Diario,Registro demostración - Comida
DEMO-20251201-0791,2025-12-01,127.72,Gasolina / Carga de combustible,Persona A,Transporte,Combustible,Variable Diario,Registro demostración - Transporte
DEMO-20251201-0789,2025-12-01,201.56,Compra semanal de alimentos y víveres,Persona A,Comida,Supermercado,Variable Diario,Registro demostración - Comida
DEMO-20251201-0790,2025-12-01,50.08,Pedido de comida por app,Persona A,Comida,Delivery,Variable Diario,Registro demostración - Comida
DEMO-20251201-0788,2025-12-01,100.69,Artículos de limpieza y ferretería,Persona B,Hogar,Mantenimiento,Ocasional,Registro demostración - Hogar
DEMO-20251201-0792,2025-12-01,33.05,Viajes en Taxi / Transporte,Persona B,Transporte,Transporte Público/App,Variable Diario,Registro demostración - Transporte
DEMO-20251201-0793,2025-12-01,41.64,Medicamentos y cuidado personal,Persona B,Salud,Farmacia,Variable Diario,Registro demostración - Salud
DEMO-20251130-0787,2025-11-30,18.86,Viajes en Taxi / Transporte,Persona B,Transporte,Transporte Público/App,Variable Diario,Registro demostración - Transporte
DEMO-20251130-0786,2025-11-30,50.23,Pedido de comida por app,Persona A,Comida,Delivery,Variable Diario,Registro demostración - Comida
DEMO-20251129-0785,2025-11-29,170.09,Prendas de vestir / Calzado,Persona B,Ropa y Calzado,Vestimenta,Ocasional,Registro demostración - Ropa y Calzado
DEMO-20251129-0784,2025-11-29,28.79,Café y postre,Persona B,Comida,Cafetería y Snacks,Variable Diario,Registro demostración - Comida
DEMO-20251129-0783,2025-11-29,280.68,Compra semanal de alimentos y víveres,Persona A,Comida,Supermercado,Variable Diario,Registro demostración - Comida
DEMO-20251128-0782,2025-11-28,187.36,Consulta odontológica / médica,Persona B,Salud,Consultas Médicas,Ocasional,Registro demostración - Salud
DEMO-20251128-0781,2025-11-28,35.56,Viajes en Taxi / Transporte,Persona B,Transporte,Transporte Público/App,Variable Diario,Registro demostración - Transporte
DEMO-20251128-0780,2025-11-28,150.32,Almuerzo/Cena fin de semana,Persona B,Comida,Restaurantes,Variable Diario,Registro demostración - Comida
DEMO-20251127-0778,2025-11-27,16.17,Café y postre,Persona B,Comida,Cafetería y Snacks,Variable Diario,Registro demostración - Comida
DEMO-20251127-0779,2025-11-27,19.9,Viajes en Taxi / Transporte,Persona B,Transporte,Transporte Público/App,Variable Diario,Registro demostración - Transporte
DEMO-20251126-0777,2025-11-26,181.83,Cine / Concierto / Teatro,Persona B,Ocio,Salidas y Eventos,Ocasional,Registro demostración - Ocio
DEMO-20251126-0776,2025-11-26,23.32,Viajes en Taxi / Transporte,Persona B,Transporte,Transporte Público/App,Variable Diario,Registro demostración - Transporte
DEMO-20251126-0775,2025-11-26,313.18,Compra semanal de alimentos y víveres,Persona B,Comida,Supermercado,Variable Diario,Registro demostración - Comida
DEMO-20251126-0774,2025-11-26,75.21,Artículos de limpieza y ferretería,Persona B,Hogar,Mantenimiento,Ocasional,Registro demostración - Hogar
DEMO-20251125-0773,2025-11-25,106.1,Libros y entretenimiento,Persona B,Ocio,Hobbies,Ocasional,Registro demostración - Ocio
DEMO-20251125-0772,2025-11-25,20.58,Viajes en Taxi / Transporte,Persona B,Transporte,Transporte Público/App,Variable Diario,Registro demostración - Transporte
DEMO-20251125-0771,2025-11-25,307.76,Compra semanal de alimentos y víveres,Persona B,Comida,Supermercado,Variable Diario,Registro demostración - Comida
DEMO-20251124-0770,2025-11-24,40.07,Viajes en Taxi / Transporte,Persona B,Transporte,Transporte Público/App,Variable Diario,Registro demostración - Transporte
DEMO-20251124-0769,2025-11-24,29.56,Café y postre,Persona B,Comida,Cafetería y Snacks,Variable Diario,Registro demostración - Comida
DEMO-20251123-0765,2025-11-23,27.06,Café y postre,Persona B,Comida,Cafetería y Snacks,Variable Diario,Registro demostración - Comida
DEMO-20251123-0766,2025-11-23,173.34,Gasolina / Carga de combustible,Persona A,Transporte,Combustible,Variable Diario,Registro demostración - Transporte
DEMO-20251123-0767,2025-11-23,36.48,Viajes en Taxi / Transporte,Persona B,Transporte,Transporte Público/App,Variable Diario,Registro demostración - Transporte
DEMO-20251123-0768,2025-11-23,67.59,Libros y entretenimiento,Persona B,Ocio,Hobbies,Ocasional,Registro demostración - Ocio
DEMO-20251122-0764,2025-11-22,213.83,Prendas de vestir / Calzado,Persona B,Ropa y Calzado,Vestimenta,Ocasional,Registro demostración - Ropa y Calzado
DEMO-20251122-0763,2025-11-22,78.26,Cine / Concierto / Teatro,Persona A,Ocio,Salidas y Eventos,Ocasional,Registro demostración - Ocio
DEMO-20251122-0762,2025-11-22,26.02,Café y postre,Persona B,Comida,Cafetería y Snacks,Variable Diario,Registro demostración - Comida
DEMO-20251122-0761,2025-11-22,117.48,Almuerzo/Cena fin de semana,Persona A,Comida,Restaurantes,Variable Diario,Registro demostración - Comida
DEMO-20251121-0760,2025-11-21,34.4,Café y postre,Persona B,Comida,Cafetería y Snacks,Variable Diario,Registro demostración - Comida
DEMO-20251120-0759,2025-11-20,264.15,Periféricos y gadgets,Persona A,Tecnología,Accesorios,Ocasional,Registro demostración - Tecnología
DEMO-20251120-0758,2025-11-20,179.25,Almuerzo/Cena fin de semana,Persona A,Comida,Restaurantes,Variable Diario,Registro demostración - Comida
DEMO-20251119-0756,2025-11-19,22.44,Café y postre,Persona B,Comida,Cafetería y Snacks,Variable Diario,Registro demostración - Comida
DEMO-20251119-0757,2025-11-19,23.53,Viajes en Taxi / Transporte,Persona B,Transporte,Transporte Público/App,Variable Diario,Registro demostración - Transporte
DEMO-20251118-0755,2025-11-18,164.62,Almuerzo/Cena fin de semana,Persona A,Comida,Restaurantes,Variable Diario,Registro demostración - Comida
DEMO-20251117-0754,2025-11-17,41.25,Viajes en Taxi / Transporte,Persona B,Transporte,Transporte Público/App,Variable Diario,Registro demostración - Transporte
DEMO-20251117-0753,2025-11-17,48.8,Pedido de comida por app,Persona A,Comida,Delivery,Variable Diario,Registro demostración - Comida
DEMO-20251117-0752,2025-11-17,258.14,Compra semanal de alimentos y víveres,Persona A,Comida,Supermercado,Variable Diario,Registro demostración - Comida
DEMO-20251115-0751,2025-11-15,27.98,Café y postre,Persona B,Comida,Cafetería y Snacks,Variable Diario,Registro demostración - Comida
DEMO-20251115-0750,2025-11-15,177.75,Almuerzo/Cena fin de semana,Persona A,Comida,Restaurantes,Variable Diario,Registro demostración - Comida
DEMO-20251114-0749,2025-11-14,43.36,Viajes en Taxi / Transporte,Persona B,Transporte,Transporte Público/App,Variable Diario,Registro demostración - Transporte
DEMO-20251114-0748,2025-11-14,79.04,Pedido de comida por app,Persona A,Comida,Delivery,Variable Diario,Registro demostración - Comida
DEMO-20251113-0747,2025-11-13,28.93,Viajes en Taxi / Transporte,Persona B,Transporte,Transporte Público/App,Variable Diario,Registro demostración - Transporte
DEMO-20251113-0746,2025-11-13,114.58,Almuerzo/Cena fin de semana,Persona A,Comida,Restaurantes,Variable Diario,Registro demostración - Comida
DEMO-20251112-0744,2025-11-12,37.59,Viajes en Taxi / Transporte,Persona B,Transporte,Transporte Público/App,Variable Diario,Registro demostración - Transporte
DEMO-20251112-0743,2025-11-12,159.62,Gasolina / Carga de combustible,Persona A,Transporte,Combustible,Variable Diario,Registro demostración - Transporte
DEMO-20251112-0742,2025-11-12,159.0,Artículos de limpieza y ferretería,Persona A,Hogar,Mantenimiento,Ocasional,Registro demostración - Hogar
DEMO-20251112-0745,2025-11-12,243.88,Prendas de vestir / Calzado,Persona A,Ropa y Calzado,Vestimenta,Ocasional,Registro demostración - Ropa y Calzado
DEMO-20251111-0741,2025-11-11,154.25,Gasolina / Carga de combustible,Persona A,Transporte,Combustible,Variable Diario,Registro demostración - Transporte
DEMO-20251110-0740,2025-11-10,23.85,Viajes en Taxi / Transporte,Persona B,Transporte,Transporte Público/App,Variable Diario,Registro demostración - Transporte
DEMO-20251110-0739,2025-11-10,24.31,Café y postre,Persona B,Comida,Cafetería y Snacks,Variable Diario,Registro demostración - Comida
DEMO-20251110-0738,2025-11-10,318.44,Compra semanal de alimentos y víveres,Persona A,Comida,Supermercado,Variable Diario,Registro demostración - Comida
DEMO-20251109-0737,2025-11-09,19.41,Café y postre,Persona B,Comida,Cafetería y Snacks,Variable Diario,Registro demostración - Comida
DEMO-20251109-0736,2025-11-09,227.42,Compra semanal de alimentos y víveres,Persona B,Comida,Supermercado,Variable Diario,Registro demostración - Comida
DEMO-20251108-0735,2025-11-08,30.45,Viajes en Taxi / Transporte,Persona B,Transporte,Transporte Público/App,Variable Diario,Registro demostración - Transporte
DEMO-20251108-0734,2025-11-08,16.05,Café y postre,Persona B,Comida,Cafetería y Snacks,Variable Diario,Registro demostración - Comida
DEMO-20251107-0733,2025-11-07,40.31,Viajes en Taxi / Transporte,Persona B,Transporte,Transporte Público/App,Variable Diario,Registro demostración - Transporte
DEMO-20251107-0732,2025-11-07,129.01,Gasolina / Carga de combustible,Persona A,Transporte,Combustible,Variable Diario,Registro demostración - Transporte
DEMO-20251106-0731,2025-11-06,48.85,Medicamentos y cuidado personal,Persona A,Salud,Farmacia,Variable Diario,Registro demostración - Salud
DEMO-20251106-0730,2025-11-06,43.51,Viajes en Taxi / Transporte,Persona B,Transporte,Transporte Público/App,Variable Diario,Registro demostración - Transporte
DEMO-20251106-0729,2025-11-06,134.4,Gasolina / Carga de combustible,Persona A,Transporte,Combustible,Variable Diario,Registro demostración - Transporte
DEMO-20251105-0723,2025-11-05,128.0,Gasolina / Carga de combustible,Persona A,Transporte,Combustible,Variable Diario,Registro demostración - Transporte
DEMO-20251105-0719,2025-11-05,193.5,Recibo de Luz y Agua,Persona A,Hogar,Servicios Básicos,Fijo Mensual,Registro demostración - Hogar
DEMO-20251105-0720,2025-11-05,121.86,Internet fibra óptica y telefonía,Persona B,Hogar,Internet/Telefonía,Fijo Mensual,Registro demostración - Hogar
DEMO-20251105-0721,2025-11-05,208.25,Compra semanal de alimentos y víveres,Persona B,Comida,Supermercado,Variable Diario,Registro demostración - Comida
DEMO-20251105-0722,2025-11-05,104.39,Almuerzo/Cena fin de semana,Persona A,Comida,Restaurantes,Variable Diario,Registro demostración - Comida
DEMO-20251105-0718,2025-11-05,1400.0,Alquiler de departamento,Persona A,Hogar,Alquiler,Fijo Mensual,Registro demostración - Hogar
DEMO-20251105-0724,2025-11-05,52.78,Suscripción Netflix & Spotify,Persona A,Ocio,Streaming,Fijo Mensual,Registro demostración - Ocio
DEMO-20251105-0725,2025-11-05,143.05,Cine / Concierto / Teatro,Persona A,Ocio,Salidas y Eventos,Ocasional,Registro demostración - Ocio
DEMO-20251105-0726,2025-11-05,114.09,Libros y entretenimiento,Persona B,Ocio,Hobbies,Ocasional,Registro demostración - Ocio
DEMO-20251105-0727,2025-11-05,321.4,Cuota amortización de deuda,Persona B,Deuda,Tarjeta de Crédito,Fijo Mensual,Registro demostración - Deuda
DEMO-20251105-0728,2025-11-05,438.07,Aporte a fondo de inversión / ahorro,Persona A,Ahorro/Inversión,Fondo de Emergencia,Fijo Mensual,Registro demostración - Ahorro/Inversión
DEMO-20251104-0717,2025-11-04,39.13,Viajes en Taxi / Transporte,Persona B,Transporte,Transporte Público/App,Variable Diario,Registro demostración - Transporte
DEMO-20251104-0716,2025-11-04,59.86,Pedido de comida por app,Persona A,Comida,Delivery,Variable Diario,Registro demostración - Comida
DEMO-20251103-0715,2025-11-03,96.1,Libros y entretenimiento,Persona B,Ocio,Hobbies,Ocasional,Registro demostración - Ocio
DEMO-20251103-0714,2025-11-03,131.33,Gasolina / Carga de combustible,Persona A,Transporte,Combustible,Variable Diario,Registro demostración - Transporte
DEMO-20251103-0713,2025-11-03,26.59,Café y postre,Persona B,Comida,Cafetería y Snacks,Variable Diario,Registro demostración - Comida
DEMO-20251102-0712,2025-11-02,44.48,Libros y entretenimiento,Persona B,Ocio,Hobbies,Ocasional,Registro demostración - Ocio
DEMO-20251102-0711,2025-11-02,25.81,Café y postre,Persona B,Comida,Cafetería y Snacks,Variable Diario,Registro demostración - Comida
DEMO-20251101-0707,2025-11-01,286.93,Compra semanal de alimentos y víveres,Persona B,Comida,Supermercado,Variable Diario,Registro demostración - Comida
DEMO-20251101-0708,2025-11-01,115.16,Almuerzo/Cena fin de semana,Persona B,Comida,Restaurantes,Variable Diario,Registro demostración - Comida
DEMO-20251101-0709,2025-11-01,36.97,Pedido de comida por app,Persona A,Comida,Delivery,Variable Diario,Registro demostración - Comida
DEMO-20251101-0710,2025-11-01,35.88,Viajes en Taxi / Transporte,Persona B,Transporte,Transporte Público/App,Variable Diario,Registro demostración - Transporte
DEMO-20251031-0706,2025-10-31,43.62,Viajes en Taxi / Transporte,Persona B,Transporte,Transporte Público/App,Variable Diario,Registro demostración - Transporte
DEMO-20251030-0705,2025-10-30,75.68,Cine / Concierto / Teatro,Persona B,Ocio,Salidas y Eventos,Ocasional,Registro demostración - Ocio
DEMO-20251030-0704,2025-10-30,29.93,Viajes en Taxi / Transporte,Persona B,Transporte,Transporte Público/App,Variable Diario,Registro demostración - Transporte
DEMO-20251030-0703,2025-10-30,16.41,Café y postre,Persona B,Comida,Cafetería y Snacks,Variable Diario,Registro demostración - Comida
DEMO-20251029-0702,2025-10-29,17.08,Viajes en Taxi / Transporte,Persona B,Transporte,Transporte Público/App,Variable Diario,Registro demostración - Transporte
DEMO-20251029-0701,2025-10-29,335.42,Compra semanal de alimentos y víveres,Persona B,Comida,Supermercado,Variable Diario,Registro demostración - Comida
DEMO-20251028-0700,2025-10-28,29.01,Viajes en Taxi / Transporte,Persona B,Transporte,Transporte Público/App,Variable Diario,Registro demostración - Transporte
DEMO-20251027-0699,2025-10-27,159.12,Cine / Concierto / Teatro,Persona A,Ocio,Salidas y Eventos,Ocasional,Registro demostración - Ocio
DEMO-20251027-0698,2025-10-27,16.02,Viajes en Taxi / Transporte,Persona B,Transporte,Transporte Público/App,Variable Diario,Registro demostración - Transporte
DEMO-20251027-0697,2025-10-27,71.72,Almuerzo/Cena fin de semana,Persona A,Comida,Restaurantes,Variable Diario,Registro demostración - Comida
DEMO-20251026-0695,2025-10-26,20.34,Café y postre,Persona B,Comida,Cafetería y Snacks,Variable Diario,Registro demostración - Comida
DEMO-20251026-0694,2025-10-26,161.31,Almuerzo/Cena fin de semana,Persona B,Comida,Restaurantes,Variable Diario,Registro demostración - Comida
DEMO-20251026-0696,2025-10-26,67.72,Pedido de comida por app,Persona A,Comida,Delivery,Variable Diario,Registro demostración - Comida
DEMO-20251025-0693,2025-10-25,104.18,Medicamentos y cuidado personal,Persona B,Salud,Farmacia,Variable Diario,Registro demostración - Salud
DEMO-20251025-0692,2025-10-25,36.17,Viajes en Taxi / Transporte,Persona B,Transporte,Transporte Público/App,Variable Diario,Registro demostración - Transporte
DEMO-20251025-0691,2025-10-25,29.92,Café y postre,Persona B,Comida,Cafetería y Snacks,Variable Diario,Registro demostración - Comida
DEMO-20251025-0690,2025-10-25,115.68,Almuerzo/Cena fin de semana,Persona B,Comida,Restaurantes,Variable Diario,Registro demostración - Comida
DEMO-20251024-0689,2025-10-24,178.09,Almuerzo/Cena fin de semana,Persona A,Comida,Restaurantes,Variable Diario,Registro demostración - Comida
DEMO-20251023-0688,2025-10-23,195.37,Compra semanal de alimentos y víveres,Persona B,Comida,Supermercado,Variable Diario,Registro demostración - Comida
DEMO-20251022-0687,2025-10-22,38.55,Viajes en Taxi / Transporte,Persona B,Transporte,Transporte Público/App,Variable Diario,Registro demostración - Transporte
DEMO-20251022-0686,2025-10-22,18.35,Café y postre,Persona B,Comida,Cafetería y Snacks,Variable Diario,Registro demostración - Comida
DEMO-20251021-0684,2025-10-21,357.98,Compra semanal de alimentos y víveres,Persona A,Comida,Supermercado,Variable Diario,Registro demostración - Comida
DEMO-20251021-0685,2025-10-21,286.21,Curso online de especialización,Persona A,Educación,Cursos y Certificaciones,Ocasional,Registro demostración - Educación
DEMO-20251019-0683,2025-10-19,30.28,Viajes en Taxi / Transporte,Persona B,Transporte,Transporte Público/App,Variable Diario,Registro demostración - Transporte
DEMO-20251019-0682,2025-10-19,30.78,Café y postre,Persona B,Comida,Cafetería y Snacks,Variable Diario,Registro demostración - Comida
DEMO-20251018-0681,2025-10-18,81.87,Medicamentos y cuidado personal,Persona A,Salud,Farmacia,Variable Diario,Registro demostración - Salud
DEMO-20251018-0680,2025-10-18,27.52,Viajes en Taxi / Transporte,Persona B,Transporte,Transporte Público/App,Variable Diario,Registro demostración - Transporte
DEMO-20251018-0679,2025-10-18,62.77,Pedido de comida por app,Persona A,Comida,Delivery,Variable Diario,Registro demostración - Comida
DEMO-20251018-0678,2025-10-18,18.47,Café y postre,Persona B,Comida,Cafetería y Snacks,Variable Diario,Registro demostración - Comida
DEMO-20251017-0676,2025-10-17,192.09,Gasolina / Carga de combustible,Persona A,Transporte,Combustible,Variable Diario,Registro demostración - Transporte
DEMO-20251017-0677,2025-10-17,203.21,Lavado y afinamiento,Persona A,Transporte,Mantenimiento Vehicular,Ocasional,Registro demostración - Transporte
DEMO-20251016-0675,2025-10-16,27.31,Café y postre,Persona B,Comida,Cafetería y Snacks,Variable Diario,Registro demostración - Comida
DEMO-20251015-0674,2025-10-15,174.71,Almuerzo/Cena fin de semana,Persona A,Comida,Restaurantes,Variable Diario,Registro demostración - Comida
DEMO-20251014-0673,2025-10-14,84.99,Almuerzo/Cena fin de semana,Persona B,Comida,Restaurantes,Variable Diario,Registro demostración - Comida
DEMO-20251012-0672,2025-10-12,20.5,Viajes en Taxi / Transporte,Persona B,Transporte,Transporte Público/App,Variable Diario,Registro demostración - Transporte
DEMO-20251012-0671,2025-10-12,79.79,Pedido de comida por app,Persona A,Comida,Delivery,Variable Diario,Registro demostración - Comida
DEMO-20251012-0670,2025-10-12,33.95,Café y postre,Persona B,Comida,Cafetería y Snacks,Variable Diario,Registro demostración - Comida
DEMO-20251012-0669,2025-10-12,97.25,Almuerzo/Cena fin de semana,Persona B,Comida,Restaurantes,Variable Diario,Registro demostración - Comida
DEMO-20251012-0668,2025-10-12,342.57,Compra semanal de alimentos y víveres,Persona B,Comida,Supermercado,Variable Diario,Registro demostración - Comida
DEMO-20251011-0667,2025-10-11,26.92,Café y postre,Persona B,Comida,Cafetería y Snacks,Variable Diario,Registro demostración - Comida
DEMO-20251011-0666,2025-10-11,256.72,Compra semanal de alimentos y víveres,Persona A,Comida,Supermercado,Variable Diario,Registro demostración - Comida
DEMO-20251010-0665,2025-10-10,25.85,Café y postre,Persona B,Comida,Cafetería y Snacks,Variable Diario,Registro demostración - Comida
DEMO-20251009-0663,2025-10-09,30.32,Café y postre,Persona B,Comida,Cafetería y Snacks,Variable Diario,Registro demostración - Comida
DEMO-20251009-0664,2025-10-09,180.68,Gasolina / Carga de combustible,Persona A,Transporte,Combustible,Variable Diario,Registro demostración - Transporte
DEMO-20251008-0662,2025-10-08,71.01,Libros y entretenimiento,Persona B,Ocio,Hobbies,Ocasional,Registro demostración - Ocio
DEMO-20251008-0661,2025-10-08,198.58,Gasolina / Carga de combustible,Persona A,Transporte,Combustible,Variable Diario,Registro demostración - Transporte
DEMO-20251008-0660,2025-10-08,21.55,Café y postre,Persona B,Comida,Cafetería y Snacks,Variable Diario,Registro demostración - Comida
DEMO-20251007-0659,2025-10-07,56.17,Libros y entretenimiento,Persona B,Ocio,Hobbies,Ocasional,Registro demostración - Ocio
DEMO-20251007-0658,2025-10-07,30.75,Viajes en Taxi / Transporte,Persona B,Transporte,Transporte Público/App,Variable Diario,Registro demostración - Transporte
DEMO-20251007-0657,2025-10-07,109.66,Almuerzo/Cena fin de semana,Persona B,Comida,Restaurantes,Variable Diario,Registro demostración - Comida
DEMO-20251006-0656,2025-10-06,15.94,Viajes en Taxi / Transporte,Persona B,Transporte,Transporte Público/App,Variable Diario,Registro demostración - Transporte
DEMO-20251006-0655,2025-10-06,295.48,Compra semanal de alimentos y víveres,Persona B,Comida,Supermercado,Variable Diario,Registro demostración - Comida
DEMO-20251005-0648,2025-10-05,188.01,Recibo de Luz y Agua,Persona A,Hogar,Servicios Básicos,Fijo Mensual,Registro demostración - Hogar
DEMO-20251005-0651,2025-10-05,16.07,Viajes en Taxi / Transporte,Persona B,Transporte,Transporte Público/App,Variable Diario,Registro demostración - Transporte
DEMO-20251005-0647,2025-10-05,1400.0,Alquiler de departamento,Persona A,Hogar,Alquiler,Fijo Mensual,Registro demostración - Hogar
DEMO-20251005-0649,2025-10-05,116.83,Internet fibra óptica y telefonía,Persona B,Hogar,Internet/Telefonía,Fijo Mensual,Registro demostración - Hogar
DEMO-20251005-0650,2025-10-05,81.08,Almuerzo/Cena fin de semana,Persona B,Comida,Restaurantes,Variable Diario,Registro demostración - Comida
DEMO-20251005-0653,2025-10-05,328.16,Cuota amortización de deuda,Persona B,Deuda,Tarjeta de Crédito,Fijo Mensual,Registro demostración - Deuda
DEMO-20251005-0654,2025-10-05,569.48,Aporte a fondo de inversión / ahorro,Persona B,Ahorro/Inversión,Fondo de Emergencia,Fijo Mensual,Registro demostración - Ahorro/Inversión
DEMO-20251005-0652,2025-10-05,46.55,Suscripción Netflix & Spotify,Persona A,Ocio,Streaming,Fijo Mensual,Registro demostración - Ocio
DEMO-20251004-0646,2025-10-04,25.49,Viajes en Taxi / Transporte,Persona B,Transporte,Transporte Público/App,Variable Diario,Registro demostración - Transporte
DEMO-20251004-0645,2025-10-04,65.77,Pedido de comida por app,Persona A,Comida,Delivery,Variable Diario,Registro demostración - Comida
DEMO-20251004-0644,2025-10-04,62.88,Almuerzo/Cena fin de semana,Persona A,Comida,Restaurantes,Variable Diario,Registro demostración - Comida
DEMO-20251002-0643,2025-10-02,28.89,Café y postre,Persona B,Comida,Cafetería y Snacks,Variable Diario,Registro demostración - Comida
DEMO-20251002-0642,2025-10-02,265.46,Compra semanal de alimentos y víveres,Persona A,Comida,Supermercado,Variable Diario,Registro demostración - Comida
DEMO-20251001-0640,2025-10-01,34.83,Viajes en Taxi / Transporte,Persona B,Transporte,Transporte Público/App,Variable Diario,Registro demostración - Transporte
DEMO-20251001-0639,2025-10-01,17.18,Café y postre,Persona B,Comida,Cafetería y Snacks,Variable Diario,Registro demostración - Comida
DEMO-20251001-0638,2025-10-01,295.62,Compra semanal de alimentos y víveres,Persona B,Comida,Supermercado,Variable Diario,Registro demostración - Comida
DEMO-20251001-0641,2025-10-01,266.76,Prendas de vestir / Calzado,Persona B,Ropa y Calzado,Vestimenta,Ocasional,Registro demostración - Ropa y Calzado
DEMO-20250930-0637,2025-09-30,274.08,Lavado y afinamiento,Persona A,Transporte,Mantenimiento Vehicular,Ocasional,Registro demostración - Transporte
DEMO-20250930-0636,2025-09-30,28.19,Café y postre,Persona B,Comida,Cafetería y Snacks,Variable Diario,Registro demostración - Comida
DEMO-20250930-0635,2025-09-30,165.92,Almuerzo/Cena fin de semana,Persona A,Comida,Restaurantes,Variable Diario,Registro demostración - Comida
DEMO-20250929-0634,2025-09-29,266.04,Prendas de vestir / Calzado,Persona A,Ropa y Calzado,Vestimenta,Ocasional,Registro demostración - Ropa y Calzado
DEMO-20250929-0633,2025-09-29,24.24,Viajes en Taxi / Transporte,Persona B,Transporte,Transporte Público/App,Variable Diario,Registro demostración - Transporte
DEMO-20250929-0632,2025-09-29,42.23,Pedido de comida por app,Persona A,Comida,Delivery,Variable Diario,Registro demostración - Comida
DEMO-20250928-0631,2025-09-28,176.5,Gasolina / Carga de combustible,Persona A,Transporte,Combustible,Variable Diario,Registro demostración - Transporte
DEMO-20250928-0630,2025-09-28,71.66,Pedido de comida por app,Persona A,Comida,Delivery,Variable Diario,Registro demostración - Comida
DEMO-20250927-0628,2025-09-27,30.02,Viajes en Taxi / Transporte,Persona B,Transporte,Transporte Público/App,Variable Diario,Registro demostración - Transporte
DEMO-20250927-0629,2025-09-27,194.35,Prendas de vestir / Calzado,Persona A,Ropa y Calzado,Vestimenta,Ocasional,Registro demostración - Ropa y Calzado
DEMO-20250926-0627,2025-09-26,53.29,Medicamentos y cuidado personal,Persona B,Salud,Farmacia,Variable Diario,Registro demostración - Salud
DEMO-20250926-0626,2025-09-26,34.92,Café y postre,Persona B,Comida,Cafetería y Snacks,Variable Diario,Registro demostración - Comida
DEMO-20250926-0625,2025-09-26,201.86,Compra semanal de alimentos y víveres,Persona B,Comida,Supermercado,Variable Diario,Registro demostración - Comida
DEMO-20250925-0624,2025-09-25,38.29,Viajes en Taxi / Transporte,Persona B,Transporte,Transporte Público/App,Variable Diario,Registro demostración - Transporte
DEMO-20250924-0623,2025-09-24,27.26,Viajes en Taxi / Transporte,Persona B,Transporte,Transporte Público/App,Variable Diario,Registro demostración - Transporte
DEMO-20250924-0622,2025-09-24,22.75,Café y postre,Persona B,Comida,Cafetería y Snacks,Variable Diario,Registro demostración - Comida
DEMO-20250923-0619,2025-09-23,20.64,Viajes en Taxi / Transporte,Persona B,Transporte,Transporte Público/App,Variable Diario,Registro demostración - Transporte
DEMO-20250923-0621,2025-09-23,108.28,Prendas de vestir / Calzado,Persona B,Ropa y Calzado,Vestimenta,Ocasional,Registro demostración - Ropa y Calzado
DEMO-20250923-0620,2025-09-23,217.89,Cine / Concierto / Teatro,Persona B,Ocio,Salidas y Eventos,Ocasional,Registro demostración - Ocio
DEMO-20250922-0618,2025-09-22,149.94,Cine / Concierto / Teatro,Persona A,Ocio,Salidas y Eventos,Ocasional,Registro demostración - Ocio
DEMO-20250921-0617,2025-09-21,26.46,Café y postre,Persona B,Comida,Cafetería y Snacks,Variable Diario,Registro demostración - Comida
DEMO-20250920-0616,2025-09-20,153.24,Cine / Concierto / Teatro,Persona B,Ocio,Salidas y Eventos,Ocasional,Registro demostración - Ocio
DEMO-20250920-0615,2025-09-20,177.39,Almuerzo/Cena fin de semana,Persona B,Comida,Restaurantes,Variable Diario,Registro demostración - Comida
DEMO-20250919-0614,2025-09-19,59.79,Libros y entretenimiento,Persona B,Ocio,Hobbies,Ocasional,Registro demostración - Ocio
DEMO-20250919-0613,2025-09-19,30.02,Viajes en Taxi / Transporte,Persona B,Transporte,Transporte Público/App,Variable Diario,Registro demostración - Transporte
DEMO-20250919-0612,2025-09-19,21.31,Café y postre,Persona B,Comida,Cafetería y Snacks,Variable Diario,Registro demostración - Comida
DEMO-20250918-0610,2025-09-18,136.06,Gasolina / Carga de combustible,Persona A,Transporte,Combustible,Variable Diario,Registro demostración - Transporte
DEMO-20250918-0611,2025-09-18,82.83,Medicamentos y cuidado personal,Persona B,Salud,Farmacia,Variable Diario,Registro demostración - Salud
DEMO-20250917-0609,2025-09-17,24.96,Viajes en Taxi / Transporte,Persona B,Transporte,Transporte Público/App,Variable Diario,Registro demostración - Transporte
DEMO-20250915-0608,2025-09-15,35.54,Viajes en Taxi / Transporte,Persona B,Transporte,Transporte Público/App,Variable Diario,Registro demostración - Transporte
DEMO-20250914-0606,2025-09-14,111.83,Almuerzo/Cena fin de semana,Persona B,Comida,Restaurantes,Variable Diario,Registro demostración - Comida
DEMO-20250914-0607,2025-09-14,21.72,Café y postre,Persona B,Comida,Cafetería y Snacks,Variable Diario,Registro demostración - Comida
DEMO-20250913-0605,2025-09-13,30.73,Viajes en Taxi / Transporte,Persona B,Transporte,Transporte Público/App,Variable Diario,Registro demostración - Transporte
DEMO-20250912-0604,2025-09-12,39.25,Viajes en Taxi / Transporte,Persona B,Transporte,Transporte Público/App,Variable Diario,Registro demostración - Transporte
DEMO-20250912-0603,2025-09-12,171.38,Gasolina / Carga de combustible,Persona A,Transporte,Combustible,Variable Diario,Registro demostración - Transporte
DEMO-20250911-0602,2025-09-11,41.69,Viajes en Taxi / Transporte,Persona B,Transporte,Transporte Público/App,Variable Diario,Registro demostración - Transporte
DEMO-20250911-0601,2025-09-11,58.02,Pedido de comida por app,Persona A,Comida,Delivery,Variable Diario,Registro demostración - Comida
DEMO-20250910-0600,2025-09-10,118.75,Libros y entretenimiento,Persona B,Ocio,Hobbies,Ocasional,Registro demostración - Ocio
DEMO-20250910-0599,2025-09-10,15.49,Viajes en Taxi / Transporte,Persona B,Transporte,Transporte Público/App,Variable Diario,Registro demostración - Transporte
DEMO-20250910-0598,2025-09-10,122.77,Gasolina / Carga de combustible,Persona A,Transporte,Combustible,Variable Diario,Registro demostración - Transporte
DEMO-20250907-0596,2025-09-07,33.51,Viajes en Taxi / Transporte,Persona B,Transporte,Transporte Público/App,Variable Diario,Registro demostración - Transporte
DEMO-20250907-0597,2025-09-07,47.27,Medicamentos y cuidado personal,Persona A,Salud,Farmacia,Variable Diario,Registro demostración - Salud
DEMO-20250906-0595,2025-09-06,239.73,Consulta odontológica / médica,Persona B,Salud,Consultas Médicas,Ocasional,Registro demostración - Salud
DEMO-20250906-0594,2025-09-06,57.66,Libros y entretenimiento,Persona B,Ocio,Hobbies,Ocasional,Registro demostración - Ocio
DEMO-20250906-0593,2025-09-06,29.7,Viajes en Taxi / Transporte,Persona B,Transporte,Transporte Público/App,Variable Diario,Registro demostración - Transporte
DEMO-20250906-0592,2025-09-06,171.34,Gasolina / Carga de combustible,Persona A,Transporte,Combustible,Variable Diario,Registro demostración - Transporte
DEMO-20250906-0591,2025-09-06,44.58,Pedido de comida por app,Persona A,Comida,Delivery,Variable Diario,Registro demostración - Comida
DEMO-20250906-0590,2025-09-06,15.63,Café y postre,Persona B,Comida,Cafetería y Snacks,Variable Diario,Registro demostración - Comida
DEMO-20250906-0589,2025-09-06,160.22,Almuerzo/Cena fin de semana,Persona A,Comida,Restaurantes,Variable Diario,Registro demostración - Comida
DEMO-20250905-0582,2025-09-05,1400.0,Alquiler de departamento,Persona A,Hogar,Alquiler,Fijo Mensual,Registro demostración - Hogar
DEMO-20250905-0584,2025-09-05,118.99,Internet fibra óptica y telefonía,Persona B,Hogar,Internet/Telefonía,Fijo Mensual,Registro demostración - Hogar
DEMO-20250905-0583,2025-09-05,177.18,Recibo de Luz y Agua,Persona A,Hogar,Servicios Básicos,Fijo Mensual,Registro demostración - Hogar
DEMO-20250905-0585,2025-09-05,48.64,Suscripción Netflix & Spotify,Persona A,Ocio,Streaming,Fijo Mensual,Registro demostración - Ocio
DEMO-20250905-0586,2025-09-05,107.37,Medicamentos y cuidado personal,Persona B,Salud,Farmacia,Variable Diario,Registro demostración - Salud
DEMO-20250905-0587,2025-09-05,292.47,Cuota amortización de deuda,Persona B,Deuda,Tarjeta de Crédito,Fijo Mensual,Registro demostración - Deuda
DEMO-20250905-0588,2025-09-05,522.94,Aporte a fondo de inversión / ahorro,Persona B,Ahorro/Inversión,Fondo de Emergencia,Fijo Mensual,Registro demostración - Ahorro/Inversión
DEMO-20250904-0581,2025-09-04,23.84,Viajes en Taxi / Transporte,Persona B,Transporte,Transporte Público/App,Variable Diario,Registro demostración - Transporte
DEMO-20250904-0580,2025-09-04,79.93,Pedido de comida por app,Persona A,Comida,Delivery,Variable Diario,Registro demostración - Comida
DEMO-20250903-0576,2025-09-03,49.83,Artículos de limpieza y ferretería,Persona B,Hogar,Mantenimiento,Ocasional,Registro demostración - Hogar
DEMO-20250903-0579,2025-09-03,166.69,Cine / Concierto / Teatro,Persona A,Ocio,Salidas y Eventos,Ocasional,Registro demostración - Ocio
DEMO-20250903-0578,2025-09-03,16.83,Café y postre,Persona B,Comida,Cafetería y Snacks,Variable Diario,Registro demostración - Comida
DEMO-20250903-0577,2025-09-03,152.5,Almuerzo/Cena fin de semana,Persona A,Comida,Restaurantes,Variable Diario,Registro demostración - Comida
DEMO-20250901-0575,2025-09-01,156.87,Gasolina / Carga de combustible,Persona A,Transporte,Combustible,Variable Diario,Registro demostración - Transporte
DEMO-20250831-0574,2025-08-31,77.61,Libros y entretenimiento,Persona B,Ocio,Hobbies,Ocasional,Registro demostración - Ocio
DEMO-20250830-0573,2025-08-30,18.07,Viajes en Taxi / Transporte,Persona B,Transporte,Transporte Público/App,Variable Diario,Registro demostración - Transporte
DEMO-20250830-0572,2025-08-30,162.8,Gasolina / Carga de combustible,Persona A,Transporte,Combustible,Variable Diario,Registro demostración - Transporte
DEMO-20250830-0571,2025-08-30,35.97,Pedido de comida por app,Persona A,Comida,Delivery,Variable Diario,Registro demostración - Comida
DEMO-20250830-0570,2025-08-30,27.46,Café y postre,Persona B,Comida,Cafetería y Snacks,Variable Diario,Registro demostración - Comida
DEMO-20250828-0566,2025-08-28,105.18,Artículos de limpieza y ferretería,Persona A,Hogar,Mantenimiento,Ocasional,Registro demostración - Hogar
DEMO-20250828-0569,2025-08-28,69.89,Libros y entretenimiento,Persona B,Ocio,Hobbies,Ocasional,Registro demostración - Ocio
DEMO-20250828-0568,2025-08-28,27.91,Viajes en Taxi / Transporte,Persona B,Transporte,Transporte Público/App,Variable Diario,Registro demostración - Transporte
DEMO-20250828-0567,2025-08-28,33.44,Café y postre,Persona B,Comida,Cafetería y Snacks,Variable Diario,Registro demostración - Comida
DEMO-20250827-0564,2025-08-27,369.7,Compra semanal de alimentos y víveres,Persona A,Comida,Supermercado,Variable Diario,Registro demostración - Comida
DEMO-20250827-0565,2025-08-27,34.19,Viajes en Taxi / Transporte,Persona B,Transporte,Transporte Público/App,Variable Diario,Registro demostración - Transporte
DEMO-20250826-0562,2025-08-26,23.53,Viajes en Taxi / Transporte,Persona B,Transporte,Transporte Público/App,Variable Diario,Registro demostración - Transporte
DEMO-20250826-0561,2025-08-26,134.17,Almuerzo/Cena fin de semana,Persona A,Comida,Restaurantes,Variable Diario,Registro demostración - Comida
DEMO-20250826-0559,2025-08-26,146.05,Artículos de limpieza y ferretería,Persona A,Hogar,Mantenimiento,Ocasional,Registro demostración - Hogar
DEMO-20250826-0563,2025-08-26,83.08,Medicamentos y cuidado personal,Persona B,Salud,Farmacia,Variable Diario,Registro demostración - Salud
DEMO-20250826-0560,2025-08-26,259.4,Compra semanal de alimentos y víveres,Persona A,Comida,Supermercado,Variable Diario,Registro demostración - Comida
DEMO-20250825-0558,2025-08-25,20.52,Viajes en Taxi / Transporte,Persona B,Transporte,Transporte Público/App,Variable Diario,Registro demostración - Transporte
DEMO-20250824-0555,2025-08-24,302.73,Compra semanal de alimentos y víveres,Persona B,Comida,Supermercado,Variable Diario,Registro demostración - Comida
DEMO-20250824-0556,2025-08-24,18.35,Café y postre,Persona B,Comida,Cafetería y Snacks,Variable Diario,Registro demostración - Comida
DEMO-20250824-0557,2025-08-24,52.96,Libros y entretenimiento,Persona B,Ocio,Hobbies,Ocasional,Registro demostración - Ocio
DEMO-20250823-0554,2025-08-23,23.24,Café y postre,Persona B,Comida,Cafetería y Snacks,Variable Diario,Registro demostración - Comida
DEMO-20250822-0553,2025-08-22,95.11,Medicamentos y cuidado personal,Persona B,Salud,Farmacia,Variable Diario,Registro demostración - Salud
DEMO-20250822-0552,2025-08-22,31.86,Viajes en Taxi / Transporte,Persona B,Transporte,Transporte Público/App,Variable Diario,Registro demostración - Transporte
DEMO-20250821-0551,2025-08-21,23.1,Viajes en Taxi / Transporte,Persona B,Transporte,Transporte Público/App,Variable Diario,Registro demostración - Transporte
DEMO-20250821-0550,2025-08-21,63.79,Pedido de comida por app,Persona A,Comida,Delivery,Variable Diario,Registro demostración - Comida
DEMO-20250821-0549,2025-08-21,18.6,Café y postre,Persona B,Comida,Cafetería y Snacks,Variable Diario,Registro demostración - Comida
DEMO-20250820-0548,2025-08-20,19.22,Café y postre,Persona B,Comida,Cafetería y Snacks,Variable Diario,Registro demostración - Comida
DEMO-20250820-0547,2025-08-20,283.64,Compra semanal de alimentos y víveres,Persona B,Comida,Supermercado,Variable Diario,Registro demostración - Comida
DEMO-20250819-0546,2025-08-19,37.51,Viajes en Taxi / Transporte,Persona B,Transporte,Transporte Público/App,Variable Diario,Registro demostración - Transporte
DEMO-20250819-0545,2025-08-19,18.66,Café y postre,Persona B,Comida,Cafetería y Snacks,Variable Diario,Registro demostración - Comida
DEMO-20250818-0544,2025-08-18,231.42,Consulta odontológica / médica,Persona A,Salud,Consultas Médicas,Ocasional,Registro demostración - Salud
DEMO-20250818-0543,2025-08-18,38.37,Viajes en Taxi / Transporte,Persona B,Transporte,Transporte Público/App,Variable Diario,Registro demostración - Transporte
DEMO-20250818-0542,2025-08-18,19.58,Café y postre,Persona B,Comida,Cafetería y Snacks,Variable Diario,Registro demostración - Comida
DEMO-20250817-0541,2025-08-17,31.64,Viajes en Taxi / Transporte,Persona B,Transporte,Transporte Público/App,Variable Diario,Registro demostración - Transporte
DEMO-20250817-0540,2025-08-17,20.75,Café y postre,Persona B,Comida,Cafetería y Snacks,Variable Diario,Registro demostración - Comida
DEMO-20250816-0539,2025-08-16,87.44,Cine / Concierto / Teatro,Persona A,Ocio,Salidas y Eventos,Ocasional,Registro demostración - Ocio
DEMO-20250816-0538,2025-08-16,28.82,Viajes en Taxi / Transporte,Persona B,Transporte,Transporte Público/App,Variable Diario,Registro demostración - Transporte
DEMO-20250816-0537,2025-08-16,268.55,Compra semanal de alimentos y víveres,Persona B,Comida,Supermercado,Variable Diario,Registro demostración - Comida
DEMO-20250815-0536,2025-08-15,20.25,Viajes en Taxi / Transporte,Persona B,Transporte,Transporte Público/App,Variable Diario,Registro demostración - Transporte
DEMO-20250815-0535,2025-08-15,34.26,Café y postre,Persona B,Comida,Cafetería y Snacks,Variable Diario,Registro demostración - Comida
DEMO-20250814-0534,2025-08-14,211.47,Consulta odontológica / médica,Persona A,Salud,Consultas Médicas,Ocasional,Registro demostración - Salud
DEMO-20250814-0533,2025-08-14,23.28,Viajes en Taxi / Transporte,Persona B,Transporte,Transporte Público/App,Variable Diario,Registro demostración - Transporte
DEMO-20250813-0531,2025-08-13,43.91,Viajes en Taxi / Transporte,Persona B,Transporte,Transporte Público/App,Variable Diario,Registro demostración - Transporte
DEMO-20250813-0530,2025-08-13,64.53,Almuerzo/Cena fin de semana,Persona B,Comida,Restaurantes,Variable Diario,Registro demostración - Comida
DEMO-20250813-0529,2025-08-13,232.62,Compra semanal de alimentos y víveres,Persona B,Comida,Supermercado,Variable Diario,Registro demostración - Comida
DEMO-20250813-0532,2025-08-13,230.57,Consulta odontológica / médica,Persona B,Salud,Consultas Médicas,Ocasional,Registro demostración - Salud
DEMO-20250812-0528,2025-08-12,110.95,Prendas de vestir / Calzado,Persona A,Ropa y Calzado,Vestimenta,Ocasional,Registro demostración - Ropa y Calzado
DEMO-20250812-0527,2025-08-12,27.02,Viajes en Taxi / Transporte,Persona B,Transporte,Transporte Público/App,Variable Diario,Registro demostración - Transporte
DEMO-20250812-0526,2025-08-12,352.77,Compra semanal de alimentos y víveres,Persona A,Comida,Supermercado,Variable Diario,Registro demostración - Comida
DEMO-20250811-0525,2025-08-11,21.11,Viajes en Taxi / Transporte,Persona B,Transporte,Transporte Público/App,Variable Diario,Registro demostración - Transporte
DEMO-20250810-0521,2025-08-10,206.78,Compra semanal de alimentos y víveres,Persona B,Comida,Supermercado,Variable Diario,Registro demostración - Comida
DEMO-20250810-0523,2025-08-10,15.16,Viajes en Taxi / Transporte,Persona B,Transporte,Transporte Público/App,Variable Diario,Registro demostración - Transporte
DEMO-20250810-0522,2025-08-10,64.91,Pedido de comida por app,Persona A,Comida,Delivery,Variable Diario,Registro demostración - Comida
DEMO-20250810-0524,2025-08-10,148.38,Cine / Concierto / Teatro,Persona A,Ocio,Salidas y Eventos,Ocasional,Registro demostración - Ocio
DEMO-20250809-0520,2025-08-09,16.3,Viajes en Taxi / Transporte,Persona B,Transporte,Transporte Público/App,Variable Diario,Registro demostración - Transporte
DEMO-20250809-0519,2025-08-09,311.88,Compra semanal de alimentos y víveres,Persona A,Comida,Supermercado,Variable Diario,Registro demostración - Comida
DEMO-20250808-0518,2025-08-08,35.83,Pedido de comida por app,Persona A,Comida,Delivery,Variable Diario,Registro demostración - Comida
DEMO-20250808-0517,2025-08-08,22.56,Café y postre,Persona B,Comida,Cafetería y Snacks,Variable Diario,Registro demostración - Comida
DEMO-20250807-0516,2025-08-07,29.45,Viajes en Taxi / Transporte,Persona B,Transporte,Transporte Público/App,Variable Diario,Registro demostración - Transporte
DEMO-20250806-0515,2025-08-06,50.66,Medicamentos y cuidado personal,Persona A,Salud,Farmacia,Variable Diario,Registro demostración - Salud
DEMO-20250806-0514,2025-08-06,85.78,Libros y entretenimiento,Persona B,Ocio,Hobbies,Ocasional,Registro demostración - Ocio
DEMO-20250806-0513,2025-08-06,123.45,Gasolina / Carga de combustible,Persona A,Transporte,Combustible,Variable Diario,Registro demostración - Transporte
DEMO-20250806-0512,2025-08-06,18.22,Café y postre,Persona B,Comida,Cafetería y Snacks,Variable Diario,Registro demostración - Comida
DEMO-20250805-0506,2025-08-05,1400.0,Alquiler de departamento,Persona A,Hogar,Alquiler,Fijo Mensual,Registro demostración - Hogar
DEMO-20250805-0508,2025-08-05,117.53,Internet fibra óptica y telefonía,Persona B,Hogar,Internet/Telefonía,Fijo Mensual,Registro demostración - Hogar
DEMO-20250805-0507,2025-08-05,176.17,Recibo de Luz y Agua,Persona A,Hogar,Servicios Básicos,Fijo Mensual,Registro demostración - Hogar
DEMO-20250805-0510,2025-08-05,267.75,Cuota amortización de deuda,Persona B,Deuda,Tarjeta de Crédito,Fijo Mensual,Registro demostración - Deuda
DEMO-20250805-0509,2025-08-05,46.39,Suscripción Netflix & Spotify,Persona A,Ocio,Streaming,Fijo Mensual,Registro demostración - Ocio
DEMO-20250805-0511,2025-08-05,469.1,Aporte a fondo de inversión / ahorro,Persona B,Ahorro/Inversión,Fondo de Emergencia,Fijo Mensual,Registro demostración - Ahorro/Inversión
DEMO-20250804-0505,2025-08-04,44.05,Viajes en Taxi / Transporte,Persona B,Transporte,Transporte Público/App,Variable Diario,Registro demostración - Transporte
DEMO-20250804-0504,2025-08-04,171.88,Gasolina / Carga de combustible,Persona A,Transporte,Combustible,Variable Diario,Registro demostración - Transporte
DEMO-20250804-0503,2025-08-04,221.35,Compra semanal de alimentos y víveres,Persona B,Comida,Supermercado,Variable Diario,Registro demostración - Comida
DEMO-20250803-0502,2025-08-03,25.28,Café y postre,Persona B,Comida,Cafetería y Snacks,Variable Diario,Registro demostración - Comida
DEMO-20250802-0498,2025-08-02,111.92,Artículos de limpieza y ferretería,Persona B,Hogar,Mantenimiento,Ocasional,Registro demostración - Hogar
DEMO-20250802-0501,2025-08-02,21.7,Viajes en Taxi / Transporte,Persona B,Transporte,Transporte Público/App,Variable Diario,Registro demostración - Transporte
DEMO-20250802-0500,2025-08-02,34.97,Café y postre,Persona B,Comida,Cafetería y Snacks,Variable Diario,Registro demostración - Comida
DEMO-20250802-0499,2025-08-02,64.4,Almuerzo/Cena fin de semana,Persona B,Comida,Restaurantes,Variable Diario,Registro demostración - Comida
DEMO-20250801-0497,2025-08-01,166.65,Periféricos y gadgets,Persona A,Tecnología,Accesorios,Ocasional,Registro demostración - Tecnología
DEMO-20250731-0496,2025-07-31,134.16,Lavado y afinamiento,Persona A,Transporte,Mantenimiento Vehicular,Ocasional,Registro demostración - Transporte
DEMO-20250731-0495,2025-07-31,27.85,Viajes en Taxi / Transporte,Persona B,Transporte,Transporte Público/App,Variable Diario,Registro demostración - Transporte
DEMO-20250730-0494,2025-07-30,127.86,Gasolina / Carga de combustible,Persona A,Transporte,Combustible,Variable Diario,Registro demostración - Transporte
DEMO-20250728-0493,2025-07-28,329.0,Curso online de especialización,Persona A,Educación,Cursos y Certificaciones,Ocasional,Registro demostración - Educación
DEMO-20250728-0492,2025-07-28,99.98,Medicamentos y cuidado personal,Persona A,Salud,Farmacia,Variable Diario,Registro demostración - Salud
DEMO-20250727-0491,2025-07-27,184.79,Cine / Concierto / Teatro,Persona B,Ocio,Salidas y Eventos,Ocasional,Registro demostración - Ocio
DEMO-20250727-0490,2025-07-27,81.4,Pedido de comida por app,Persona A,Comida,Delivery,Variable Diario,Registro demostración - Comida
DEMO-20250727-0489,2025-07-27,29.02,Café y postre,Persona B,Comida,Cafetería y Snacks,Variable Diario,Registro demostración - Comida
DEMO-20250727-0488,2025-07-27,181.18,Compra semanal de alimentos y víveres,Persona A,Comida,Supermercado,Variable Diario,Registro demostración - Comida
DEMO-20250726-0485,2025-07-26,177.35,Gasolina / Carga de combustible,Persona A,Transporte,Combustible,Variable Diario,Registro demostración - Transporte
DEMO-20250726-0484,2025-07-26,69.3,Pedido de comida por app,Persona A,Comida,Delivery,Variable Diario,Registro demostración - Comida
DEMO-20250726-0486,2025-07-26,17.2,Viajes en Taxi / Transporte,Persona B,Transporte,Transporte Público/App,Variable Diario,Registro demostración - Transporte
DEMO-20250726-0487,2025-07-26,105.73,Libros y entretenimiento,Persona B,Ocio,Hobbies,Ocasional,Registro demostración - Ocio
DEMO-20250725-0483,2025-07-25,16.92,Café y postre,Persona B,Comida,Cafetería y Snacks,Variable Diario,Registro demostración - Comida
DEMO-20250725-0482,2025-07-25,359.66,Compra semanal de alimentos y víveres,Persona A,Comida,Supermercado,Variable Diario,Registro demostración - Comida
DEMO-20250724-0481,2025-07-24,42.48,Viajes en Taxi / Transporte,Persona B,Transporte,Transporte Público/App,Variable Diario,Registro demostración - Transporte
DEMO-20250723-0480,2025-07-23,203.86,Periféricos y gadgets,Persona A,Tecnología,Accesorios,Ocasional,Registro demostración - Tecnología
DEMO-20250723-0479,2025-07-23,24.96,Viajes en Taxi / Transporte,Persona B,Transporte,Transporte Público/App,Variable Diario,Registro demostración - Transporte
DEMO-20250723-0478,2025-07-23,137.7,Gasolina / Carga de combustible,Persona A,Transporte,Combustible,Variable Diario,Registro demostración - Transporte
DEMO-20250723-0477,2025-07-23,68.18,Almuerzo/Cena fin de semana,Persona A,Comida,Restaurantes,Variable Diario,Registro demostración - Comida
DEMO-20250722-0474,2025-07-22,188.13,Compra semanal de alimentos y víveres,Persona B,Comida,Supermercado,Variable Diario,Registro demostración - Comida
DEMO-20250722-0475,2025-07-22,26.68,Café y postre,Persona B,Comida,Cafetería y Snacks,Variable Diario,Registro demostración - Comida
DEMO-20250722-0476,2025-07-22,104.59,Medicamentos y cuidado personal,Persona B,Salud,Farmacia,Variable Diario,Registro demostración - Salud
DEMO-20250720-0473,2025-07-20,26.45,Viajes en Taxi / Transporte,Persona B,Transporte,Transporte Público/App,Variable Diario,Registro demostración - Transporte
DEMO-20250719-0472,2025-07-19,38.53,Viajes en Taxi / Transporte,Persona B,Transporte,Transporte Público/App,Variable Diario,Registro demostración - Transporte
DEMO-20250719-0471,2025-07-19,150.02,Almuerzo/Cena fin de semana,Persona A,Comida,Restaurantes,Variable Diario,Registro demostración - Comida
DEMO-20250718-0470,2025-07-18,22.04,Café y postre,Persona B,Comida,Cafetería y Snacks,Variable Diario,Registro demostración - Comida
DEMO-20250715-0469,2025-07-15,43.06,Viajes en Taxi / Transporte,Persona B,Transporte,Transporte Público/App,Variable Diario,Registro demostración - Transporte
DEMO-20250715-0468,2025-07-15,59.94,Pedido de comida por app,Persona A,Comida,Delivery,Variable Diario,Registro demostración - Comida
DEMO-20250715-0467,2025-07-15,358.35,Compra semanal de alimentos y víveres,Persona B,Comida,Supermercado,Variable Diario,Registro demostración - Comida
DEMO-20250714-0465,2025-07-14,212.83,Compra semanal de alimentos y víveres,Persona A,Comida,Supermercado,Variable Diario,Registro demostración - Comida
DEMO-20250714-0466,2025-07-14,18.62,Viajes en Taxi / Transporte,Persona B,Transporte,Transporte Público/App,Variable Diario,Registro demostración - Transporte
DEMO-20250712-0462,2025-07-12,119.68,Almuerzo/Cena fin de semana,Persona A,Comida,Restaurantes,Variable Diario,Registro demostración - Comida
DEMO-20250712-0463,2025-07-12,23.25,Café y postre,Persona B,Comida,Cafetería y Snacks,Variable Diario,Registro demostración - Comida
DEMO-20250712-0464,2025-07-12,127.27,Gasolina / Carga de combustible,Persona A,Transporte,Combustible,Variable Diario,Registro demostración - Transporte
DEMO-20250711-0460,2025-07-11,159.33,Gasolina / Carga de combustible,Persona A,Transporte,Combustible,Variable Diario,Registro demostración - Transporte
DEMO-20250711-0459,2025-07-11,172.12,Almuerzo/Cena fin de semana,Persona B,Comida,Restaurantes,Variable Diario,Registro demostración - Comida
DEMO-20250711-0461,2025-07-11,44.1,Viajes en Taxi / Transporte,Persona B,Transporte,Transporte Público/App,Variable Diario,Registro demostración - Transporte
DEMO-20250710-0458,2025-07-10,34.12,Café y postre,Persona B,Comida,Cafetería y Snacks,Variable Diario,Registro demostración - Comida
DEMO-20250709-0457,2025-07-09,249.72,Periféricos y gadgets,Persona A,Tecnología,Accesorios,Ocasional,Registro demostración - Tecnología
DEMO-20250708-0456,2025-07-08,105.4,Medicamentos y cuidado personal,Persona A,Salud,Farmacia,Variable Diario,Registro demostración - Salud
DEMO-20250708-0455,2025-07-08,260.05,Compra semanal de alimentos y víveres,Persona B,Comida,Supermercado,Variable Diario,Registro demostración - Comida
DEMO-20250707-0454,2025-07-07,90.76,Cine / Concierto / Teatro,Persona A,Ocio,Salidas y Eventos,Ocasional,Registro demostración - Ocio
DEMO-20250707-0453,2025-07-07,138.52,Artículos de limpieza y ferretería,Persona A,Hogar,Mantenimiento,Ocasional,Registro demostración - Hogar
DEMO-20250706-0452,2025-07-06,87.89,Medicamentos y cuidado personal,Persona B,Salud,Farmacia,Variable Diario,Registro demostración - Salud
DEMO-20250706-0451,2025-07-06,39.45,Pedido de comida por app,Persona A,Comida,Delivery,Variable Diario,Registro demostración - Comida
DEMO-20250706-0450,2025-07-06,19.69,Café y postre,Persona B,Comida,Cafetería y Snacks,Variable Diario,Registro demostración - Comida
DEMO-20250706-0449,2025-07-06,279.27,Compra semanal de alimentos y víveres,Persona A,Comida,Supermercado,Variable Diario,Registro demostración - Comida
DEMO-20250705-0440,2025-07-05,1400.0,Alquiler de departamento,Persona A,Hogar,Alquiler,Fijo Mensual,Registro demostración - Hogar
DEMO-20250705-0441,2025-07-05,169.17,Recibo de Luz y Agua,Persona A,Hogar,Servicios Básicos,Fijo Mensual,Registro demostración - Hogar
DEMO-20250705-0444,2025-07-05,28.23,Café y postre,Persona B,Comida,Cafetería y Snacks,Variable Diario,Registro demostración - Comida
DEMO-20250705-0443,2025-07-05,143.42,Almuerzo/Cena fin de semana,Persona A,Comida,Restaurantes,Variable Diario,Registro demostración - Comida
DEMO-20250705-0442,2025-07-05,117.61,Internet fibra óptica y telefonía,Persona B,Hogar,Internet/Telefonía,Fijo Mensual,Registro demostración - Hogar
DEMO-20250705-0445,2025-07-05,53.31,Suscripción Netflix & Spotify,Persona A,Ocio,Streaming,Fijo Mensual,Registro demostración - Ocio
DEMO-20250705-0447,2025-07-05,395.97,Cuota amortización de deuda,Persona B,Deuda,Tarjeta de Crédito,Fijo Mensual,Registro demostración - Deuda
DEMO-20250705-0448,2025-07-05,507.38,Aporte a fondo de inversión / ahorro,Persona B,Ahorro/Inversión,Fondo de Emergencia,Fijo Mensual,Registro demostración - Ahorro/Inversión
DEMO-20250705-0446,2025-07-05,177.81,Cine / Concierto / Teatro,Persona A,Ocio,Salidas y Eventos,Ocasional,Registro demostración - Ocio
DEMO-20250704-0439,2025-07-04,201.48,Cine / Concierto / Teatro,Persona B,Ocio,Salidas y Eventos,Ocasional,Registro demostración - Ocio
DEMO-20250704-0438,2025-07-04,26.0,Viajes en Taxi / Transporte,Persona B,Transporte,Transporte Público/App,Variable Diario,Registro demostración - Transporte
DEMO-20250704-0437,2025-07-04,71.7,Pedido de comida por app,Persona A,Comida,Delivery,Variable Diario,Registro demostración - Comida
DEMO-20250704-0436,2025-07-04,29.54,Café y postre,Persona B,Comida,Cafetería y Snacks,Variable Diario,Registro demostración - Comida
DEMO-20250703-0435,2025-07-03,31.48,Café y postre,Persona B,Comida,Cafetería y Snacks,Variable Diario,Registro demostración - Comida
DEMO-20250703-0434,2025-07-03,120.4,Almuerzo/Cena fin de semana,Persona B,Comida,Restaurantes,Variable Diario,Registro demostración - Comida
DEMO-20250702-0431,2025-07-02,23.67,Café y postre,Persona B,Comida,Cafetería y Snacks,Variable Diario,Registro demostración - Comida
DEMO-20250702-0430,2025-07-02,154.23,Almuerzo/Cena fin de semana,Persona A,Comida,Restaurantes,Variable Diario,Registro demostración - Comida
DEMO-20250702-0433,2025-07-02,90.95,Prendas de vestir / Calzado,Persona A,Ropa y Calzado,Vestimenta,Ocasional,Registro demostración - Ropa y Calzado
DEMO-20250702-0432,2025-07-02,15.14,Viajes en Taxi / Transporte,Persona B,Transporte,Transporte Público/App,Variable Diario,Registro demostración - Transporte
DEMO-20250701-0429,2025-07-01,40.87,Viajes en Taxi / Transporte,Persona B,Transporte,Transporte Público/App,Variable Diario,Registro demostración - Transporte
DEMO-20250701-0428,2025-07-01,143.24,Artículos de limpieza y ferretería,Persona A,Hogar,Mantenimiento,Ocasional,Registro demostración - Hogar
DEMO-20250630-0427,2025-06-30,40.99,Viajes en Taxi / Transporte,Persona B,Transporte,Transporte Público/App,Variable Diario,Registro demostración - Transporte
DEMO-20250630-0426,2025-06-30,20.21,Café y postre,Persona B,Comida,Cafetería y Snacks,Variable Diario,Registro demostración - Comida
DEMO-20250629-0425,2025-06-29,18.84,Viajes en Taxi / Transporte,Persona B,Transporte,Transporte Público/App,Variable Diario,Registro demostración - Transporte
DEMO-20250629-0424,2025-06-29,96.02,Almuerzo/Cena fin de semana,Persona A,Comida,Restaurantes,Variable Diario,Registro demostración - Comida
DEMO-20250628-0422,2025-06-28,351.46,Compra semanal de alimentos y víveres,Persona B,Comida,Supermercado,Variable Diario,Registro demostración - Comida
DEMO-20250628-0423,2025-06-28,86.65,Medicamentos y cuidado personal,Persona A,Salud,Farmacia,Variable Diario,Registro demostración - Salud
DEMO-20250627-0420,2025-06-27,379.89,Compra semanal de alimentos y víveres,Persona B,Comida,Supermercado,Variable Diario,Registro demostración - Comida
DEMO-20250627-0421,2025-06-27,25.09,Viajes en Taxi / Transporte,Persona B,Transporte,Transporte Público/App,Variable Diario,Registro demostración - Transporte
DEMO-20250626-0419,2025-06-26,27.17,Café y postre,Persona B,Comida,Cafetería y Snacks,Variable Diario,Registro demostración - Comida
DEMO-20250625-0418,2025-06-25,269.47,Prendas de vestir / Calzado,Persona A,Ropa y Calzado,Vestimenta,Ocasional,Registro demostración - Ropa y Calzado
DEMO-20250625-0417,2025-06-25,32.17,Viajes en Taxi / Transporte,Persona B,Transporte,Transporte Público/App,Variable Diario,Registro demostración - Transporte
DEMO-20250624-0416,2025-06-24,69.8,Libros y entretenimiento,Persona B,Ocio,Hobbies,Ocasional,Registro demostración - Ocio
DEMO-20250624-0415,2025-06-24,186.61,Compra semanal de alimentos y víveres,Persona A,Comida,Supermercado,Variable Diario,Registro demostración - Comida
DEMO-20250623-0414,2025-06-23,38.74,Viajes en Taxi / Transporte,Persona B,Transporte,Transporte Público/App,Variable Diario,Registro demostración - Transporte
DEMO-20250622-0413,2025-06-22,31.86,Café y postre,Persona B,Comida,Cafetería y Snacks,Variable Diario,Registro demostración - Comida
DEMO-20250622-0412,2025-06-22,158.09,Almuerzo/Cena fin de semana,Persona B,Comida,Restaurantes,Variable Diario,Registro demostración - Comida
DEMO-20250622-0411,2025-06-22,99.65,Artículos de limpieza y ferretería,Persona B,Hogar,Mantenimiento,Ocasional,Registro demostración - Hogar
DEMO-20250621-0408,2025-06-21,26.49,Viajes en Taxi / Transporte,Persona B,Transporte,Transporte Público/App,Variable Diario,Registro demostración - Transporte
DEMO-20250621-0406,2025-06-21,17.02,Café y postre,Persona B,Comida,Cafetería y Snacks,Variable Diario,Registro demostración - Comida
DEMO-20250621-0407,2025-06-21,61.78,Pedido de comida por app,Persona A,Comida,Delivery,Variable Diario,Registro demostración - Comida
DEMO-20250621-0409,2025-06-21,62.03,Libros y entretenimiento,Persona B,Ocio,Hobbies,Ocasional,Registro demostración - Ocio
DEMO-20250621-0410,2025-06-21,294.6,Prendas de vestir / Calzado,Persona B,Ropa y Calzado,Vestimenta,Ocasional,Registro demostración - Ropa y Calzado
DEMO-20250620-0405,2025-06-20,28.74,Viajes en Taxi / Transporte,Persona B,Transporte,Transporte Público/App,Variable Diario,Registro demostración - Transporte
DEMO-20250620-0404,2025-06-20,22.76,Café y postre,Persona B,Comida,Cafetería y Snacks,Variable Diario,Registro demostración - Comida
DEMO-20250619-0403,2025-06-19,30.14,Café y postre,Persona B,Comida,Cafetería y Snacks,Variable Diario,Registro demostración - Comida
DEMO-20250619-0402,2025-06-19,128.55,Almuerzo/Cena fin de semana,Persona A,Comida,Restaurantes,Variable Diario,Registro demostración - Comida
DEMO-20250618-0401,2025-06-18,128.07,Cine / Concierto / Teatro,Persona B,Ocio,Salidas y Eventos,Ocasional,Registro demostración - Ocio
DEMO-20250618-0400,2025-06-18,28.36,Café y postre,Persona B,Comida,Cafetería y Snacks,Variable Diario,Registro demostración - Comida
DEMO-20250617-0398,2025-06-17,30.7,Café y postre,Persona B,Comida,Cafetería y Snacks,Variable Diario,Registro demostración - Comida
DEMO-20250617-0397,2025-06-17,64.65,Artículos de limpieza y ferretería,Persona B,Hogar,Mantenimiento,Ocasional,Registro demostración - Hogar
DEMO-20250617-0399,2025-06-17,34.26,Viajes en Taxi / Transporte,Persona B,Transporte,Transporte Público/App,Variable Diario,Registro demostración - Transporte
DEMO-20250616-0395,2025-06-16,246.22,Compra semanal de alimentos y víveres,Persona A,Comida,Supermercado,Variable Diario,Registro demostración - Comida
DEMO-20250616-0396,2025-06-16,110.15,Prendas de vestir / Calzado,Persona B,Ropa y Calzado,Vestimenta,Ocasional,Registro demostración - Ropa y Calzado
DEMO-20250615-0394,2025-06-15,306.76,Prendas de vestir / Calzado,Persona A,Ropa y Calzado,Vestimenta,Ocasional,Registro demostración - Ropa y Calzado
DEMO-20250615-0393,2025-06-15,43.51,Pedido de comida por app,Persona A,Comida,Delivery,Variable Diario,Registro demostración - Comida
DEMO-20250615-0392,2025-06-15,62.41,Almuerzo/Cena fin de semana,Persona B,Comida,Restaurantes,Variable Diario,Registro demostración - Comida
DEMO-20250614-0391,2025-06-14,27.42,Viajes en Taxi / Transporte,Persona B,Transporte,Transporte Público/App,Variable Diario,Registro demostración - Transporte
DEMO-20250614-0390,2025-06-14,56.91,Pedido de comida por app,Persona A,Comida,Delivery,Variable Diario,Registro demostración - Comida
DEMO-20250613-0389,2025-06-13,98.23,Periféricos y gadgets,Persona A,Tecnología,Accesorios,Ocasional,Registro demostración - Tecnología
DEMO-20250613-0388,2025-06-13,25.4,Viajes en Taxi / Transporte,Persona B,Transporte,Transporte Público/App,Variable Diario,Registro demostración - Transporte
DEMO-20250613-0387,2025-06-13,59.81,Pedido de comida por app,Persona A,Comida,Delivery,Variable Diario,Registro demostración - Comida
DEMO-20250613-0386,2025-06-13,132.29,Almuerzo/Cena fin de semana,Persona A,Comida,Restaurantes,Variable Diario,Registro demostración - Comida
DEMO-20250612-0385,2025-06-12,32.67,Viajes en Taxi / Transporte,Persona B,Transporte,Transporte Público/App,Variable Diario,Registro demostración - Transporte
DEMO-20250611-0384,2025-06-11,43.26,Viajes en Taxi / Transporte,Persona B,Transporte,Transporte Público/App,Variable Diario,Registro demostración - Transporte
DEMO-20250611-0383,2025-06-11,297.32,Compra semanal de alimentos y víveres,Persona A,Comida,Supermercado,Variable Diario,Registro demostración - Comida
DEMO-20250610-0382,2025-06-10,141.7,Cine / Concierto / Teatro,Persona B,Ocio,Salidas y Eventos,Ocasional,Registro demostración - Ocio
DEMO-20250610-0381,2025-06-10,16.69,Viajes en Taxi / Transporte,Persona B,Transporte,Transporte Público/App,Variable Diario,Registro demostración - Transporte
DEMO-20250609-0380,2025-06-09,22.1,Viajes en Taxi / Transporte,Persona B,Transporte,Transporte Público/App,Variable Diario,Registro demostración - Transporte
DEMO-20250608-0378,2025-06-08,75.43,Pedido de comida por app,Persona A,Comida,Delivery,Variable Diario,Registro demostración - Comida
DEMO-20250608-0377,2025-06-08,31.21,Café y postre,Persona B,Comida,Cafetería y Snacks,Variable Diario,Registro demostración - Comida
DEMO-20250608-0376,2025-06-08,63.13,Almuerzo/Cena fin de semana,Persona A,Comida,Restaurantes,Variable Diario,Registro demostración - Comida
DEMO-20250608-0379,2025-06-08,32.52,Viajes en Taxi / Transporte,Persona B,Transporte,Transporte Público/App,Variable Diario,Registro demostración - Transporte
DEMO-20250607-0374,2025-06-07,34.28,Viajes en Taxi / Transporte,Persona B,Transporte,Transporte Público/App,Variable Diario,Registro demostración - Transporte
DEMO-20250607-0372,2025-06-07,32.66,Café y postre,Persona B,Comida,Cafetería y Snacks,Variable Diario,Registro demostración - Comida
DEMO-20250607-0375,2025-06-07,169.72,Consulta odontológica / médica,Persona B,Salud,Consultas Médicas,Ocasional,Registro demostración - Salud
DEMO-20250607-0373,2025-06-07,150.64,Gasolina / Carga de combustible,Persona A,Transporte,Combustible,Variable Diario,Registro demostración - Transporte
DEMO-20250606-0370,2025-06-06,33.85,Café y postre,Persona B,Comida,Cafetería y Snacks,Variable Diario,Registro demostración - Comida
DEMO-20250606-0369,2025-06-06,168.61,Almuerzo/Cena fin de semana,Persona B,Comida,Restaurantes,Variable Diario,Registro demostración - Comida
DEMO-20250606-0371,2025-06-06,81.21,Pedido de comida por app,Persona A,Comida,Delivery,Variable Diario,Registro demostración - Comida
DEMO-20250605-0368,2025-06-05,699.15,Aporte a fondo de inversión / ahorro,Persona A,Ahorro/Inversión,Fondo de Emergencia,Fijo Mensual,Registro demostración - Ahorro/Inversión
DEMO-20250605-0367,2025-06-05,261.25,Cuota amortización de deuda,Persona B,Deuda,Tarjeta de Crédito,Fijo Mensual,Registro demostración - Deuda
DEMO-20250605-0366,2025-06-05,47.22,Suscripción Netflix & Spotify,Persona A,Ocio,Streaming,Fijo Mensual,Registro demostración - Ocio
DEMO-20250605-0365,2025-06-05,16.85,Viajes en Taxi / Transporte,Persona B,Transporte,Transporte Público/App,Variable Diario,Registro demostración - Transporte
DEMO-20250605-0364,2025-06-05,40.1,Pedido de comida por app,Persona A,Comida,Delivery,Variable Diario,Registro demostración - Comida
DEMO-20250605-0363,2025-06-05,260.88,Compra semanal de alimentos y víveres,Persona B,Comida,Supermercado,Variable Diario,Registro demostración - Comida
DEMO-20250605-0362,2025-06-05,115.2,Internet fibra óptica y telefonía,Persona B,Hogar,Internet/Telefonía,Fijo Mensual,Registro demostración - Hogar
DEMO-20250605-0361,2025-06-05,187.4,Recibo de Luz y Agua,Persona A,Hogar,Servicios Básicos,Fijo Mensual,Registro demostración - Hogar
DEMO-20250605-0360,2025-06-05,1400.0,Alquiler de departamento,Persona A,Hogar,Alquiler,Fijo Mensual,Registro demostración - Hogar
DEMO-20250604-0358,2025-06-04,102.99,Almuerzo/Cena fin de semana,Persona A,Comida,Restaurantes,Variable Diario,Registro demostración - Comida
DEMO-20250604-0359,2025-06-04,39.23,Viajes en Taxi / Transporte,Persona B,Transporte,Transporte Público/App,Variable Diario,Registro demostración - Transporte
DEMO-20250603-0357,2025-06-03,39.96,Viajes en Taxi / Transporte,Persona B,Transporte,Transporte Público/App,Variable Diario,Registro demostración - Transporte
DEMO-20250603-0356,2025-06-03,20.83,Café y postre,Persona B,Comida,Cafetería y Snacks,Variable Diario,Registro demostración - Comida
DEMO-20250603-0355,2025-06-03,293.56,Compra semanal de alimentos y víveres,Persona B,Comida,Supermercado,Variable Diario,Registro demostración - Comida
DEMO-20250602-0354,2025-06-02,42.64,Viajes en Taxi / Transporte,Persona B,Transporte,Transporte Público/App,Variable Diario,Registro demostración - Transporte
DEMO-20250602-0353,2025-06-02,84.85,Pedido de comida por app,Persona A,Comida,Delivery,Variable Diario,Registro demostración - Comida
DEMO-20250601-0352,2025-06-01,347.19,Curso online de especialización,Persona A,Educación,Cursos y Certificaciones,Ocasional,Registro demostración - Educación
DEMO-20250601-0351,2025-06-01,73.32,Medicamentos y cuidado personal,Persona A,Salud,Farmacia,Variable Diario,Registro demostración - Salud
DEMO-20250601-0350,2025-06-01,104.19,Almuerzo/Cena fin de semana,Persona B,Comida,Restaurantes,Variable Diario,Registro demostración - Comida
DEMO-20250531-0347,2025-05-31,28.47,Café y postre,Persona B,Comida,Cafetería y Snacks,Variable Diario,Registro demostración - Comida
DEMO-20250531-0346,2025-05-31,69.35,Almuerzo/Cena fin de semana,Persona B,Comida,Restaurantes,Variable Diario,Registro demostración - Comida
DEMO-20250531-0348,2025-05-31,46.16,Pedido de comida por app,Persona A,Comida,Delivery,Variable Diario,Registro demostración - Comida
DEMO-20250531-0349,2025-05-31,27.03,Viajes en Taxi / Transporte,Persona B,Transporte,Transporte Público/App,Variable Diario,Registro demostración - Transporte
DEMO-20250530-0345,2025-05-30,26.49,Viajes en Taxi / Transporte,Persona B,Transporte,Transporte Público/App,Variable Diario,Registro demostración - Transporte
DEMO-20250530-0344,2025-05-30,78.15,Pedido de comida por app,Persona A,Comida,Delivery,Variable Diario,Registro demostración - Comida
DEMO-20250530-0343,2025-05-30,25.18,Café y postre,Persona B,Comida,Cafetería y Snacks,Variable Diario,Registro demostración - Comida
DEMO-20250529-0342,2025-05-29,36.37,Viajes en Taxi / Transporte,Persona B,Transporte,Transporte Público/App,Variable Diario,Registro demostración - Transporte
DEMO-20250529-0341,2025-05-29,75.36,Pedido de comida por app,Persona A,Comida,Delivery,Variable Diario,Registro demostración - Comida
DEMO-20250528-0340,2025-05-28,302.46,Compra semanal de alimentos y víveres,Persona A,Comida,Supermercado,Variable Diario,Registro demostración - Comida
DEMO-20250528-0339,2025-05-28,54.91,Artículos de limpieza y ferretería,Persona B,Hogar,Mantenimiento,Ocasional,Registro demostración - Hogar
DEMO-20250527-0338,2025-05-27,25.23,Café y postre,Persona B,Comida,Cafetería y Snacks,Variable Diario,Registro demostración - Comida
DEMO-20250526-0336,2025-05-26,17.03,Viajes en Taxi / Transporte,Persona B,Transporte,Transporte Público/App,Variable Diario,Registro demostración - Transporte
DEMO-20250526-0337,2025-05-26,79.07,Cine / Concierto / Teatro,Persona B,Ocio,Salidas y Eventos,Ocasional,Registro demostración - Ocio
DEMO-20250525-0335,2025-05-25,144.94,Cine / Concierto / Teatro,Persona A,Ocio,Salidas y Eventos,Ocasional,Registro demostración - Ocio
DEMO-20250525-0334,2025-05-25,37.73,Pedido de comida por app,Persona A,Comida,Delivery,Variable Diario,Registro demostración - Comida
DEMO-20250524-0333,2025-05-24,23.31,Viajes en Taxi / Transporte,Persona B,Transporte,Transporte Público/App,Variable Diario,Registro demostración - Transporte
DEMO-20250524-0332,2025-05-24,22.68,Café y postre,Persona B,Comida,Cafetería y Snacks,Variable Diario,Registro demostración - Comida
DEMO-20250524-0331,2025-05-24,72.06,Almuerzo/Cena fin de semana,Persona A,Comida,Restaurantes,Variable Diario,Registro demostración - Comida
DEMO-20250523-0328,2025-05-23,104.11,Almuerzo/Cena fin de semana,Persona B,Comida,Restaurantes,Variable Diario,Registro demostración - Comida
DEMO-20250523-0330,2025-05-23,92.0,Libros y entretenimiento,Persona B,Ocio,Hobbies,Ocasional,Registro demostración - Ocio
DEMO-20250523-0329,2025-05-23,30.47,Café y postre,Persona B,Comida,Cafetería y Snacks,Variable Diario,Registro demostración - Comida
DEMO-20250522-0326,2025-05-22,32.81,Viajes en Taxi / Transporte,Persona B,Transporte,Transporte Público/App,Variable Diario,Registro demostración - Transporte
DEMO-20250522-0325,2025-05-22,39.76,Pedido de comida por app,Persona A,Comida,Delivery,Variable Diario,Registro demostración - Comida
DEMO-20250522-0324,2025-05-22,135.07,Almuerzo/Cena fin de semana,Persona A,Comida,Restaurantes,Variable Diario,Registro demostración - Comida
DEMO-20250522-0327,2025-05-22,67.49,Libros y entretenimiento,Persona B,Ocio,Hobbies,Ocasional,Registro demostración - Ocio
DEMO-20250521-0323,2025-05-21,44.87,Viajes en Taxi / Transporte,Persona B,Transporte,Transporte Público/App,Variable Diario,Registro demostración - Transporte
DEMO-20250521-0322,2025-05-21,57.83,Pedido de comida por app,Persona A,Comida,Delivery,Variable Diario,Registro demostración - Comida
DEMO-20250521-0321,2025-05-21,33.59,Café y postre,Persona B,Comida,Cafetería y Snacks,Variable Diario,Registro demostración - Comida
DEMO-20250521-0320,2025-05-21,135.14,Almuerzo/Cena fin de semana,Persona B,Comida,Restaurantes,Variable Diario,Registro demostración - Comida
DEMO-20250519-0319,2025-05-19,30.89,Café y postre,Persona B,Comida,Cafetería y Snacks,Variable Diario,Registro demostración - Comida
DEMO-20250519-0318,2025-05-19,306.48,Compra semanal de alimentos y víveres,Persona B,Comida,Supermercado,Variable Diario,Registro demostración - Comida
DEMO-20250518-0317,2025-05-18,111.6,Cine / Concierto / Teatro,Persona A,Ocio,Salidas y Eventos,Ocasional,Registro demostración - Ocio
DEMO-20250517-0316,2025-05-17,342.14,Compra semanal de alimentos y víveres,Persona B,Comida,Supermercado,Variable Diario,Registro demostración - Comida
DEMO-20250516-0314,2025-05-16,29.38,Café y postre,Persona B,Comida,Cafetería y Snacks,Variable Diario,Registro demostración - Comida
DEMO-20250516-0315,2025-05-16,39.9,Viajes en Taxi / Transporte,Persona B,Transporte,Transporte Público/App,Variable Diario,Registro demostración - Transporte
DEMO-20250515-0313,2025-05-15,31.13,Viajes en Taxi / Transporte,Persona B,Transporte,Transporte Público/App,Variable Diario,Registro demostración - Transporte
DEMO-20250515-0312,2025-05-15,15.62,Café y postre,Persona B,Comida,Cafetería y Snacks,Variable Diario,Registro demostración - Comida
DEMO-20250514-0311,2025-05-14,50.92,Libros y entretenimiento,Persona B,Ocio,Hobbies,Ocasional,Registro demostración - Ocio
DEMO-20250514-0310,2025-05-14,28.53,Viajes en Taxi / Transporte,Persona B,Transporte,Transporte Público/App,Variable Diario,Registro demostración - Transporte
DEMO-20250514-0309,2025-05-14,136.26,Almuerzo/Cena fin de semana,Persona A,Comida,Restaurantes,Variable Diario,Registro demostración - Comida
DEMO-20250512-0308,2025-05-12,24.78,Viajes en Taxi / Transporte,Persona B,Transporte,Transporte Público/App,Variable Diario,Registro demostración - Transporte
DEMO-20250512-0307,2025-05-12,40.09,Pedido de comida por app,Persona A,Comida,Delivery,Variable Diario,Registro demostración - Comida
DEMO-20250512-0306,2025-05-12,222.96,Compra semanal de alimentos y víveres,Persona B,Comida,Supermercado,Variable Diario,Registro demostración - Comida
DEMO-20250511-0304,2025-05-11,43.72,Pedido de comida por app,Persona A,Comida,Delivery,Variable Diario,Registro demostración - Comida
DEMO-20250511-0303,2025-05-11,34.68,Café y postre,Persona B,Comida,Cafetería y Snacks,Variable Diario,Registro demostración - Comida
DEMO-20250511-0302,2025-05-11,248.62,Compra semanal de alimentos y víveres,Persona A,Comida,Supermercado,Variable Diario,Registro demostración - Comida
DEMO-20250511-0305,2025-05-11,231.24,Prendas de vestir / Calzado,Persona A,Ropa y Calzado,Vestimenta,Ocasional,Registro demostración - Ropa y Calzado
DEMO-20250510-0301,2025-05-10,25.29,Viajes en Taxi / Transporte,Persona B,Transporte,Transporte Público/App,Variable Diario,Registro demostración - Transporte
DEMO-20250510-0300,2025-05-10,76.57,Pedido de comida por app,Persona A,Comida,Delivery,Variable Diario,Registro demostración - Comida
DEMO-20250510-0299,2025-05-10,72.55,Almuerzo/Cena fin de semana,Persona B,Comida,Restaurantes,Variable Diario,Registro demostración - Comida
DEMO-20250509-0298,2025-05-09,22.76,Viajes en Taxi / Transporte,Persona B,Transporte,Transporte Público/App,Variable Diario,Registro demostración - Transporte
DEMO-20250508-0297,2025-05-08,41.87,Viajes en Taxi / Transporte,Persona B,Transporte,Transporte Público/App,Variable Diario,Registro demostración - Transporte
DEMO-20250507-0296,2025-05-07,29.98,Viajes en Taxi / Transporte,Persona B,Transporte,Transporte Público/App,Variable Diario,Registro demostración - Transporte
DEMO-20250507-0295,2025-05-07,28.86,Café y postre,Persona B,Comida,Cafetería y Snacks,Variable Diario,Registro demostración - Comida
DEMO-20250507-0294,2025-05-07,325.44,Compra semanal de alimentos y víveres,Persona A,Comida,Supermercado,Variable Diario,Registro demostración - Comida
DEMO-20250506-0293,2025-05-06,29.7,Café y postre,Persona B,Comida,Cafetería y Snacks,Variable Diario,Registro demostración - Comida
DEMO-20250505-0288,2025-05-05,19.06,Viajes en Taxi / Transporte,Persona B,Transporte,Transporte Público/App,Variable Diario,Registro demostración - Transporte
DEMO-20250505-0284,2025-05-05,1400.0,Alquiler de departamento,Persona A,Hogar,Alquiler,Fijo Mensual,Registro demostración - Hogar
DEMO-20250505-0285,2025-05-05,144.43,Recibo de Luz y Agua,Persona A,Hogar,Servicios Básicos,Fijo Mensual,Registro demostración - Hogar
DEMO-20250505-0286,2025-05-05,118.69,Internet fibra óptica y telefonía,Persona B,Hogar,Internet/Telefonía,Fijo Mensual,Registro demostración - Hogar
DEMO-20250505-0287,2025-05-05,90.2,Almuerzo/Cena fin de semana,Persona A,Comida,Restaurantes,Variable Diario,Registro demostración - Comida
DEMO-20250505-0291,2025-05-05,295.07,Cuota amortización de deuda,Persona B,Deuda,Tarjeta de Crédito,Fijo Mensual,Registro demostración - Deuda
DEMO-20250505-0289,2025-05-05,167.05,Lavado y afinamiento,Persona A,Transporte,Mantenimiento Vehicular,Ocasional,Registro demostración - Transporte
DEMO-20250505-0290,2025-05-05,53.42,Suscripción Netflix & Spotify,Persona A,Ocio,Streaming,Fijo Mensual,Registro demostración - Ocio
DEMO-20250505-0292,2025-05-05,580.96,Aporte a fondo de inversión / ahorro,Persona A,Ahorro/Inversión,Fondo de Emergencia,Fijo Mensual,Registro demostración - Ahorro/Inversión
DEMO-20250504-0283,2025-05-04,153.1,Gasolina / Carga de combustible,Persona A,Transporte,Combustible,Variable Diario,Registro demostración - Transporte
DEMO-20250504-0282,2025-05-04,197.92,Compra semanal de alimentos y víveres,Persona A,Comida,Supermercado,Variable Diario,Registro demostración - Comida
DEMO-20250503-0281,2025-05-03,70.78,Cine / Concierto / Teatro,Persona B,Ocio,Salidas y Eventos,Ocasional,Registro demostración - Ocio
DEMO-20250503-0280,2025-05-03,18.08,Café y postre,Persona B,Comida,Cafetería y Snacks,Variable Diario,Registro demostración - Comida
DEMO-20250503-0279,2025-05-03,303.72,Compra semanal de alimentos y víveres,Persona A,Comida,Supermercado,Variable Diario,Registro demostración - Comida
DEMO-20250502-0278,2025-05-02,38.21,Viajes en Taxi / Transporte,Persona B,Transporte,Transporte Público/App,Variable Diario,Registro demostración - Transporte
DEMO-20250502-0277,2025-05-02,87.86,Almuerzo/Cena fin de semana,Persona A,Comida,Restaurantes,Variable Diario,Registro demostración - Comida
DEMO-20250430-0276,2025-04-30,97.65,Periféricos y gadgets,Persona A,Tecnología,Accesorios,Ocasional,Registro demostración - Tecnología
DEMO-20250430-0275,2025-04-30,303.62,Prendas de vestir / Calzado,Persona B,Ropa y Calzado,Vestimenta,Ocasional,Registro demostración - Ropa y Calzado
DEMO-20250430-0274,2025-04-30,35.95,Medicamentos y cuidado personal,Persona B,Salud,Farmacia,Variable Diario,Registro demostración - Salud
DEMO-20250430-0273,2025-04-30,21.34,Viajes en Taxi / Transporte,Persona B,Transporte,Transporte Público/App,Variable Diario,Registro demostración - Transporte
DEMO-20250430-0272,2025-04-30,162.25,Gasolina / Carga de combustible,Persona A,Transporte,Combustible,Variable Diario,Registro demostración - Transporte
DEMO-20250430-0271,2025-04-30,161.44,Almuerzo/Cena fin de semana,Persona B,Comida,Restaurantes,Variable Diario,Registro demostración - Comida
DEMO-20250430-0270,2025-04-30,181.89,Compra semanal de alimentos y víveres,Persona A,Comida,Supermercado,Variable Diario,Registro demostración - Comida
DEMO-20250428-0267,2025-04-28,123.87,Almuerzo/Cena fin de semana,Persona B,Comida,Restaurantes,Variable Diario,Registro demostración - Comida
DEMO-20250428-0268,2025-04-28,25.59,Café y postre,Persona B,Comida,Cafetería y Snacks,Variable Diario,Registro demostración - Comida
DEMO-20250428-0269,2025-04-28,39.39,Viajes en Taxi / Transporte,Persona B,Transporte,Transporte Público/App,Variable Diario,Registro demostración - Transporte
DEMO-20250427-0266,2025-04-27,52.08,Libros y entretenimiento,Persona B,Ocio,Hobbies,Ocasional,Registro demostración - Ocio
DEMO-20250427-0265,2025-04-27,90.62,Cine / Concierto / Teatro,Persona A,Ocio,Salidas y Eventos,Ocasional,Registro demostración - Ocio
DEMO-20250427-0264,2025-04-27,39.54,Viajes en Taxi / Transporte,Persona B,Transporte,Transporte Público/App,Variable Diario,Registro demostración - Transporte
DEMO-20250426-0263,2025-04-26,37.9,Viajes en Taxi / Transporte,Persona B,Transporte,Transporte Público/App,Variable Diario,Registro demostración - Transporte
DEMO-20250426-0262,2025-04-26,19.91,Café y postre,Persona B,Comida,Cafetería y Snacks,Variable Diario,Registro demostración - Comida
DEMO-20250426-0261,2025-04-26,99.58,Almuerzo/Cena fin de semana,Persona B,Comida,Restaurantes,Variable Diario,Registro demostración - Comida
DEMO-20250425-0259,2025-04-25,198.51,Gasolina / Carga de combustible,Persona A,Transporte,Combustible,Variable Diario,Registro demostración - Transporte
DEMO-20250425-0260,2025-04-25,40.19,Viajes en Taxi / Transporte,Persona B,Transporte,Transporte Público/App,Variable Diario,Registro demostración - Transporte
DEMO-20250424-0258,2025-04-24,33.74,Café y postre,Persona B,Comida,Cafetería y Snacks,Variable Diario,Registro demostración - Comida
DEMO-20250423-0255,2025-04-23,89.14,Almuerzo/Cena fin de semana,Persona A,Comida,Restaurantes,Variable Diario,Registro demostración - Comida
DEMO-20250423-0256,2025-04-23,16.58,Café y postre,Persona B,Comida,Cafetería y Snacks,Variable Diario,Registro demostración - Comida
DEMO-20250423-0257,2025-04-23,126.58,Cine / Concierto / Teatro,Persona A,Ocio,Salidas y Eventos,Ocasional,Registro demostración - Ocio
DEMO-20250422-0254,2025-04-22,26.29,Viajes en Taxi / Transporte,Persona B,Transporte,Transporte Público/App,Variable Diario,Registro demostración - Transporte
DEMO-20250422-0253,2025-04-22,101.33,Almuerzo/Cena fin de semana,Persona B,Comida,Restaurantes,Variable Diario,Registro demostración - Comida
DEMO-20250421-0252,2025-04-21,41.29,Viajes en Taxi / Transporte,Persona B,Transporte,Transporte Público/App,Variable Diario,Registro demostración - Transporte
DEMO-20250420-0251,2025-04-20,75.12,Libros y entretenimiento,Persona B,Ocio,Hobbies,Ocasional,Registro demostración - Ocio
DEMO-20250420-0250,2025-04-20,16.35,Café y postre,Persona B,Comida,Cafetería y Snacks,Variable Diario,Registro demostración - Comida
DEMO-20250420-0249,2025-04-20,139.22,Almuerzo/Cena fin de semana,Persona A,Comida,Restaurantes,Variable Diario,Registro demostración - Comida
DEMO-20250420-0248,2025-04-20,355.04,Compra semanal de alimentos y víveres,Persona A,Comida,Supermercado,Variable Diario,Registro demostración - Comida
DEMO-20250419-0245,2025-04-19,372.83,Compra semanal de alimentos y víveres,Persona A,Comida,Supermercado,Variable Diario,Registro demostración - Comida
DEMO-20250419-0246,2025-04-19,18.57,Café y postre,Persona B,Comida,Cafetería y Snacks,Variable Diario,Registro demostración - Comida
DEMO-20250419-0247,2025-04-19,73.41,Cine / Concierto / Teatro,Persona B,Ocio,Salidas y Eventos,Ocasional,Registro demostración - Ocio
DEMO-20250418-0244,2025-04-18,20.4,Viajes en Taxi / Transporte,Persona B,Transporte,Transporte Público/App,Variable Diario,Registro demostración - Transporte
DEMO-20250418-0243,2025-04-18,32.88,Café y postre,Persona B,Comida,Cafetería y Snacks,Variable Diario,Registro demostración - Comida
DEMO-20250418-0242,2025-04-18,248.91,Compra semanal de alimentos y víveres,Persona A,Comida,Supermercado,Variable Diario,Registro demostración - Comida
DEMO-20250417-0241,2025-04-17,66.99,Medicamentos y cuidado personal,Persona B,Salud,Farmacia,Variable Diario,Registro demostración - Salud
DEMO-20250417-0240,2025-04-17,89.79,Cine / Concierto / Teatro,Persona B,Ocio,Salidas y Eventos,Ocasional,Registro demostración - Ocio
DEMO-20250415-0239,2025-04-15,21.63,Viajes en Taxi / Transporte,Persona B,Transporte,Transporte Público/App,Variable Diario,Registro demostración - Transporte
DEMO-20250415-0238,2025-04-15,142.33,Almuerzo/Cena fin de semana,Persona B,Comida,Restaurantes,Variable Diario,Registro demostración - Comida
DEMO-20250415-0237,2025-04-15,203.64,Compra semanal de alimentos y víveres,Persona B,Comida,Supermercado,Variable Diario,Registro demostración - Comida
DEMO-20250414-0236,2025-04-14,200.35,Periféricos y gadgets,Persona A,Tecnología,Accesorios,Ocasional,Registro demostración - Tecnología
DEMO-20250414-0234,2025-04-14,68.46,Pedido de comida por app,Persona A,Comida,Delivery,Variable Diario,Registro demostración - Comida
DEMO-20250414-0235,2025-04-14,24.71,Viajes en Taxi / Transporte,Persona B,Transporte,Transporte Público/App,Variable Diario,Registro demostración - Transporte
DEMO-20250413-0231,2025-04-13,114.52,Almuerzo/Cena fin de semana,Persona B,Comida,Restaurantes,Variable Diario,Registro demostración - Comida
DEMO-20250413-0230,2025-04-13,79.32,Artículos de limpieza y ferretería,Persona A,Hogar,Mantenimiento,Ocasional,Registro demostración - Hogar
DEMO-20250413-0232,2025-04-13,60.21,Pedido de comida por app,Persona A,Comida,Delivery,Variable Diario,Registro demostración - Comida
DEMO-20250413-0233,2025-04-13,163.82,Consulta odontológica / médica,Persona B,Salud,Consultas Médicas,Ocasional,Registro demostración - Salud
DEMO-20250412-0229,2025-04-12,96.9,Medicamentos y cuidado personal,Persona B,Salud,Farmacia,Variable Diario,Registro demostración - Salud
DEMO-20250412-0228,2025-04-12,42.64,Viajes en Taxi / Transporte,Persona B,Transporte,Transporte Público/App,Variable Diario,Registro demostración - Transporte
DEMO-20250412-0227,2025-04-12,71.93,Pedido de comida por app,Persona A,Comida,Delivery,Variable Diario,Registro demostración - Comida
DEMO-20250412-0226,2025-04-12,137.51,Almuerzo/Cena fin de semana,Persona A,Comida,Restaurantes,Variable Diario,Registro demostración - Comida
DEMO-20250411-0222,2025-04-11,133.88,Almuerzo/Cena fin de semana,Persona A,Comida,Restaurantes,Variable Diario,Registro demostración - Comida
DEMO-20250411-0225,2025-04-11,74.03,Medicamentos y cuidado personal,Persona A,Salud,Farmacia,Variable Diario,Registro demostración - Salud
DEMO-20250411-0224,2025-04-11,27.4,Viajes en Taxi / Transporte,Persona B,Transporte,Transporte Público/App,Variable Diario,Registro demostración - Transporte
DEMO-20250411-0223,2025-04-11,28.4,Café y postre,Persona B,Comida,Cafetería y Snacks,Variable Diario,Registro demostración - Comida
DEMO-20250410-0221,2025-04-10,213.3,Cine / Concierto / Teatro,Persona A,Ocio,Salidas y Eventos,Ocasional,Registro demostración - Ocio
DEMO-20250410-0220,2025-04-10,38.19,Viajes en Taxi / Transporte,Persona B,Transporte,Transporte Público/App,Variable Diario,Registro demostración - Transporte
DEMO-20250409-0219,2025-04-09,43.24,Viajes en Taxi / Transporte,Persona B,Transporte,Transporte Público/App,Variable Diario,Registro demostración - Transporte
DEMO-20250407-0218,2025-04-07,55.1,Medicamentos y cuidado personal,Persona A,Salud,Farmacia,Variable Diario,Registro demostración - Salud
DEMO-20250406-0216,2025-04-06,28.48,Café y postre,Persona B,Comida,Cafetería y Snacks,Variable Diario,Registro demostración - Comida
DEMO-20250406-0217,2025-04-06,77.97,Libros y entretenimiento,Persona B,Ocio,Hobbies,Ocasional,Registro demostración - Ocio
DEMO-20250405-0209,2025-04-05,1400.0,Alquiler de departamento,Persona B,Hogar,Alquiler,Fijo Mensual,Registro demostración - Hogar
DEMO-20250405-0212,2025-04-05,15.78,Café y postre,Persona B,Comida,Cafetería y Snacks,Variable Diario,Registro demostración - Comida
DEMO-20250405-0211,2025-04-05,117.31,Internet fibra óptica y telefonía,Persona B,Hogar,Internet/Telefonía,Fijo Mensual,Registro demostración - Hogar
DEMO-20250405-0210,2025-04-05,179.05,Recibo de Luz y Agua,Persona A,Hogar,Servicios Básicos,Fijo Mensual,Registro demostración - Hogar
DEMO-20250405-0213,2025-04-05,53.93,Suscripción Netflix & Spotify,Persona A,Ocio,Streaming,Fijo Mensual,Registro demostración - Ocio
DEMO-20250405-0214,2025-04-05,326.1,Cuota amortización de deuda,Persona B,Deuda,Tarjeta de Crédito,Fijo Mensual,Registro demostración - Deuda
DEMO-20250405-0215,2025-04-05,552.91,Aporte a fondo de inversión / ahorro,Persona B,Ahorro/Inversión,Fondo de Emergencia,Fijo Mensual,Registro demostración - Ahorro/Inversión
DEMO-20250404-0208,2025-04-04,31.6,Viajes en Taxi / Transporte,Persona B,Transporte,Transporte Público/App,Variable Diario,Registro demostración - Transporte
DEMO-20250403-0207,2025-04-03,25.59,Viajes en Taxi / Transporte,Persona B,Transporte,Transporte Público/App,Variable Diario,Registro demostración - Transporte
DEMO-20250403-0206,2025-04-03,33.9,Café y postre,Persona B,Comida,Cafetería y Snacks,Variable Diario,Registro demostración - Comida
DEMO-20250402-0205,2025-04-02,16.94,Café y postre,Persona B,Comida,Cafetería y Snacks,Variable Diario,Registro demostración - Comida
DEMO-20250401-0202,2025-04-01,16.46,Café y postre,Persona B,Comida,Cafetería y Snacks,Variable Diario,Registro demostración - Comida
DEMO-20250401-0204,2025-04-01,33.2,Viajes en Taxi / Transporte,Persona B,Transporte,Transporte Público/App,Variable Diario,Registro demostración - Transporte
DEMO-20250401-0203,2025-04-01,56.98,Pedido de comida por app,Persona A,Comida,Delivery,Variable Diario,Registro demostración - Comida
DEMO-20250331-0201,2025-03-31,37.27,Pedido de comida por app,Persona A,Comida,Delivery,Variable Diario,Registro demostración - Comida
DEMO-20250330-0200,2025-03-30,115.42,Cine / Concierto / Teatro,Persona A,Ocio,Salidas y Eventos,Ocasional,Registro demostración - Ocio
DEMO-20250330-0199,2025-03-30,34.05,Viajes en Taxi / Transporte,Persona B,Transporte,Transporte Público/App,Variable Diario,Registro demostración - Transporte
DEMO-20250330-0198,2025-03-30,33.82,Café y postre,Persona B,Comida,Cafetería y Snacks,Variable Diario,Registro demostración - Comida
DEMO-20250330-0197,2025-03-30,79.44,Almuerzo/Cena fin de semana,Persona A,Comida,Restaurantes,Variable Diario,Registro demostración - Comida
DEMO-20250329-0196,2025-03-29,157.27,Gasolina / Carga de combustible,Persona A,Transporte,Combustible,Variable Diario,Registro demostración - Transporte
DEMO-20250329-0195,2025-03-29,17.51,Café y postre,Persona B,Comida,Cafetería y Snacks,Variable Diario,Registro demostración - Comida
DEMO-20250328-0194,2025-03-28,25.83,Viajes en Taxi / Transporte,Persona B,Transporte,Transporte Público/App,Variable Diario,Registro demostración - Transporte
DEMO-20250328-0193,2025-03-28,34.7,Café y postre,Persona B,Comida,Cafetería y Snacks,Variable Diario,Registro demostración - Comida
DEMO-20250327-0192,2025-03-27,29.27,Café y postre,Persona B,Comida,Cafetería y Snacks,Variable Diario,Registro demostración - Comida
DEMO-20250327-0191,2025-03-27,162.34,Almuerzo/Cena fin de semana,Persona B,Comida,Restaurantes,Variable Diario,Registro demostración - Comida
DEMO-20250326-0190,2025-03-26,207.54,Compra semanal de alimentos y víveres,Persona B,Comida,Supermercado,Variable Diario,Registro demostración - Comida
DEMO-20250325-0189,2025-03-25,80.09,Cine / Concierto / Teatro,Persona B,Ocio,Salidas y Eventos,Ocasional,Registro demostración - Ocio
DEMO-20250325-0188,2025-03-25,122.19,Artículos de limpieza y ferretería,Persona B,Hogar,Mantenimiento,Ocasional,Registro demostración - Hogar
DEMO-20250324-0184,2025-03-24,132.29,Almuerzo/Cena fin de semana,Persona A,Comida,Restaurantes,Variable Diario,Registro demostración - Comida
DEMO-20250324-0185,2025-03-24,172.87,Gasolina / Carga de combustible,Persona A,Transporte,Combustible,Variable Diario,Registro demostración - Transporte
DEMO-20250324-0186,2025-03-24,33.08,Viajes en Taxi / Transporte,Persona B,Transporte,Transporte Público/App,Variable Diario,Registro demostración - Transporte
DEMO-20250324-0187,2025-03-24,99.6,Medicamentos y cuidado personal,Persona B,Salud,Farmacia,Variable Diario,Registro demostración - Salud
DEMO-20250323-0183,2025-03-23,41.68,Viajes en Taxi / Transporte,Persona B,Transporte,Transporte Público/App,Variable Diario,Registro demostración - Transporte
DEMO-20250323-0182,2025-03-23,119.39,Artículos de limpieza y ferretería,Persona B,Hogar,Mantenimiento,Ocasional,Registro demostración - Hogar
DEMO-20250322-0181,2025-03-22,100.24,Cine / Concierto / Teatro,Persona A,Ocio,Salidas y Eventos,Ocasional,Registro demostración - Ocio
DEMO-20250322-0180,2025-03-22,36.48,Viajes en Taxi / Transporte,Persona B,Transporte,Transporte Público/App,Variable Diario,Registro demostración - Transporte
DEMO-20250322-0179,2025-03-22,153.5,Almuerzo/Cena fin de semana,Persona B,Comida,Restaurantes,Variable Diario,Registro demostración - Comida
DEMO-20250321-0178,2025-03-21,15.49,Viajes en Taxi / Transporte,Persona B,Transporte,Transporte Público/App,Variable Diario,Registro demostración - Transporte
DEMO-20250320-0176,2025-03-20,25.31,Café y postre,Persona B,Comida,Cafetería y Snacks,Variable Diario,Registro demostración - Comida
DEMO-20250320-0174,2025-03-20,93.28,Artículos de limpieza y ferretería,Persona B,Hogar,Mantenimiento,Ocasional,Registro demostración - Hogar
DEMO-20250320-0175,2025-03-20,347.34,Compra semanal de alimentos y víveres,Persona B,Comida,Supermercado,Variable Diario,Registro demostración - Comida
DEMO-20250320-0177,2025-03-20,33.44,Viajes en Taxi / Transporte,Persona B,Transporte,Transporte Público/App,Variable Diario,Registro demostración - Transporte
DEMO-20250319-0173,2025-03-19,17.38,Viajes en Taxi / Transporte,Persona B,Transporte,Transporte Público/App,Variable Diario,Registro demostración - Transporte
DEMO-20250319-0172,2025-03-19,70.28,Pedido de comida por app,Persona A,Comida,Delivery,Variable Diario,Registro demostración - Comida
DEMO-20250318-0171,2025-03-18,47.96,Medicamentos y cuidado personal,Persona B,Salud,Farmacia,Variable Diario,Registro demostración - Salud
DEMO-20250318-0170,2025-03-18,145.3,Cine / Concierto / Teatro,Persona A,Ocio,Salidas y Eventos,Ocasional,Registro demostración - Ocio
DEMO-20250318-0169,2025-03-18,25.49,Viajes en Taxi / Transporte,Persona B,Transporte,Transporte Público/App,Variable Diario,Registro demostración - Transporte
DEMO-20250318-0168,2025-03-18,23.75,Café y postre,Persona B,Comida,Cafetería y Snacks,Variable Diario,Registro demostración - Comida
DEMO-20250318-0167,2025-03-18,212.06,Compra semanal de alimentos y víveres,Persona B,Comida,Supermercado,Variable Diario,Registro demostración - Comida
DEMO-20250317-0166,2025-03-17,20.99,Viajes en Taxi / Transporte,Persona B,Transporte,Transporte Público/App,Variable Diario,Registro demostración - Transporte
DEMO-20250316-0165,2025-03-16,29.39,Café y postre,Persona B,Comida,Cafetería y Snacks,Variable Diario,Registro demostración - Comida
DEMO-20250316-0164,2025-03-16,112.52,Almuerzo/Cena fin de semana,Persona B,Comida,Restaurantes,Variable Diario,Registro demostración - Comida
DEMO-20250315-0163,2025-03-15,66.94,Libros y entretenimiento,Persona B,Ocio,Hobbies,Ocasional,Registro demostración - Ocio
DEMO-20250315-0162,2025-03-15,77.22,Pedido de comida por app,Persona A,Comida,Delivery,Variable Diario,Registro demostración - Comida
DEMO-20250315-0161,2025-03-15,17.75,Café y postre,Persona B,Comida,Cafetería y Snacks,Variable Diario,Registro demostración - Comida
DEMO-20250313-0160,2025-03-13,198.9,Compra semanal de alimentos y víveres,Persona B,Comida,Supermercado,Variable Diario,Registro demostración - Comida
DEMO-20250312-0159,2025-03-12,28.18,Viajes en Taxi / Transporte,Persona B,Transporte,Transporte Público/App,Variable Diario,Registro demostración - Transporte
DEMO-20250310-0158,2025-03-10,23.24,Viajes en Taxi / Transporte,Persona B,Transporte,Transporte Público/App,Variable Diario,Registro demostración - Transporte
DEMO-20250310-0157,2025-03-10,38.41,Pedido de comida por app,Persona A,Comida,Delivery,Variable Diario,Registro demostración - Comida
DEMO-20250309-0154,2025-03-09,147.29,Almuerzo/Cena fin de semana,Persona A,Comida,Restaurantes,Variable Diario,Registro demostración - Comida
DEMO-20250309-0155,2025-03-09,17.93,Café y postre,Persona B,Comida,Cafetería y Snacks,Variable Diario,Registro demostración - Comida
DEMO-20250309-0156,2025-03-09,65.12,Pedido de comida por app,Persona A,Comida,Delivery,Variable Diario,Registro demostración - Comida
DEMO-20250308-0153,2025-03-08,32.67,Viajes en Taxi / Transporte,Persona B,Transporte,Transporte Público/App,Variable Diario,Registro demostración - Transporte
DEMO-20250308-0152,2025-03-08,187.56,Gasolina / Carga de combustible,Persona A,Transporte,Combustible,Variable Diario,Registro demostración - Transporte
DEMO-20250308-0151,2025-03-08,173.71,Almuerzo/Cena fin de semana,Persona B,Comida,Restaurantes,Variable Diario,Registro demostración - Comida
DEMO-20250307-0150,2025-03-07,37.26,Viajes en Taxi / Transporte,Persona B,Transporte,Transporte Público/App,Variable Diario,Registro demostración - Transporte
DEMO-20250306-0149,2025-03-06,100.66,Cine / Concierto / Teatro,Persona A,Ocio,Salidas y Eventos,Ocasional,Registro demostración - Ocio
DEMO-20250306-0148,2025-03-06,21.62,Viajes en Taxi / Transporte,Persona B,Transporte,Transporte Público/App,Variable Diario,Registro demostración - Transporte
DEMO-20250306-0147,2025-03-06,28.56,Café y postre,Persona B,Comida,Cafetería y Snacks,Variable Diario,Registro demostración - Comida
DEMO-20250305-0140,2025-03-05,152.7,Recibo de Luz y Agua,Persona A,Hogar,Servicios Básicos,Fijo Mensual,Registro demostración - Hogar
DEMO-20250305-0143,2025-03-05,123.66,Almuerzo/Cena fin de semana,Persona B,Comida,Restaurantes,Variable Diario,Registro demostración - Comida
DEMO-20250305-0139,2025-03-05,1400.0,Alquiler de departamento,Persona A,Hogar,Alquiler,Fijo Mensual,Registro demostración - Hogar
DEMO-20250305-0141,2025-03-05,112.87,Internet fibra óptica y telefonía,Persona B,Hogar,Internet/Telefonía,Fijo Mensual,Registro demostración - Hogar
DEMO-20250305-0142,2025-03-05,328.19,Compra semanal de alimentos y víveres,Persona A,Comida,Supermercado,Variable Diario,Registro demostración - Comida
DEMO-20250305-0145,2025-03-05,322.85,Cuota amortización de deuda,Persona B,Deuda,Tarjeta de Crédito,Fijo Mensual,Registro demostración - Deuda
DEMO-20250305-0146,2025-03-05,532.61,Aporte a fondo de inversión / ahorro,Persona B,Ahorro/Inversión,Fondo de Emergencia,Fijo Mensual,Registro demostración - Ahorro/Inversión
DEMO-20250305-0144,2025-03-05,50.68,Suscripción Netflix & Spotify,Persona A,Ocio,Streaming,Fijo Mensual,Registro demostración - Ocio
DEMO-20250304-0138,2025-03-04,114.33,Libros y entretenimiento,Persona B,Ocio,Hobbies,Ocasional,Registro demostración - Ocio
DEMO-20250304-0137,2025-03-04,93.43,Almuerzo/Cena fin de semana,Persona A,Comida,Restaurantes,Variable Diario,Registro demostración - Comida
DEMO-20250303-0136,2025-03-03,42.48,Viajes en Taxi / Transporte,Persona B,Transporte,Transporte Público/App,Variable Diario,Registro demostración - Transporte
DEMO-20250303-0135,2025-03-03,192.0,Compra semanal de alimentos y víveres,Persona B,Comida,Supermercado,Variable Diario,Registro demostración - Comida
DEMO-20250302-0133,2025-03-02,270.31,Compra semanal de alimentos y víveres,Persona A,Comida,Supermercado,Variable Diario,Registro demostración - Comida
DEMO-20250302-0134,2025-03-02,24.38,Viajes en Taxi / Transporte,Persona B,Transporte,Transporte Público/App,Variable Diario,Registro demostración - Transporte
DEMO-20250301-0131,2025-03-01,20.5,Café y postre,Persona B,Comida,Cafetería y Snacks,Variable Diario,Registro demostración - Comida
DEMO-20250301-0130,2025-03-01,69.69,Almuerzo/Cena fin de semana,Persona A,Comida,Restaurantes,Variable Diario,Registro demostración - Comida
DEMO-20250301-0132,2025-03-01,44.84,Viajes en Taxi / Transporte,Persona B,Transporte,Transporte Público/App,Variable Diario,Registro demostración - Transporte
DEMO-20250228-0129,2025-02-28,187.48,Cine / Concierto / Teatro,Persona B,Ocio,Salidas y Eventos,Ocasional,Registro demostración - Ocio
DEMO-20250227-0128,2025-02-27,151.03,Prendas de vestir / Calzado,Persona A,Ropa y Calzado,Vestimenta,Ocasional,Registro demostración - Ropa y Calzado
DEMO-20250227-0127,2025-02-27,34.68,Café y postre,Persona B,Comida,Cafetería y Snacks,Variable Diario,Registro demostración - Comida
DEMO-20250226-0126,2025-02-26,25.01,Viajes en Taxi / Transporte,Persona B,Transporte,Transporte Público/App,Variable Diario,Registro demostración - Transporte
DEMO-20250226-0125,2025-02-26,19.24,Café y postre,Persona B,Comida,Cafetería y Snacks,Variable Diario,Registro demostración - Comida
DEMO-20250225-0124,2025-02-25,28.34,Viajes en Taxi / Transporte,Persona B,Transporte,Transporte Público/App,Variable Diario,Registro demostración - Transporte
DEMO-20250224-0121,2025-02-24,15.91,Café y postre,Persona B,Comida,Cafetería y Snacks,Variable Diario,Registro demostración - Comida
DEMO-20250224-0120,2025-02-24,344.77,Compra semanal de alimentos y víveres,Persona B,Comida,Supermercado,Variable Diario,Registro demostración - Comida
DEMO-20250224-0122,2025-02-24,84.8,Pedido de comida por app,Persona A,Comida,Delivery,Variable Diario,Registro demostración - Comida
DEMO-20250224-0123,2025-02-24,31.13,Viajes en Taxi / Transporte,Persona B,Transporte,Transporte Público/App,Variable Diario,Registro demostración - Transporte
DEMO-20250223-0119,2025-02-23,293.37,Prendas de vestir / Calzado,Persona B,Ropa y Calzado,Vestimenta,Ocasional,Registro demostración - Ropa y Calzado
DEMO-20250223-0118,2025-02-23,61.83,Pedido de comida por app,Persona A,Comida,Delivery,Variable Diario,Registro demostración - Comida
DEMO-20250223-0117,2025-02-23,30.81,Café y postre,Persona B,Comida,Cafetería y Snacks,Variable Diario,Registro demostración - Comida
DEMO-20250222-0116,2025-02-22,76.23,Pedido de comida por app,Persona A,Comida,Delivery,Variable Diario,Registro demostración - Comida
DEMO-20250221-0115,2025-02-21,28.22,Viajes en Taxi / Transporte,Persona B,Transporte,Transporte Público/App,Variable Diario,Registro demostración - Transporte
DEMO-20250221-0114,2025-02-21,90.08,Almuerzo/Cena fin de semana,Persona A,Comida,Restaurantes,Variable Diario,Registro demostración - Comida
DEMO-20250220-0111,2025-02-20,28.99,Café y postre,Persona B,Comida,Cafetería y Snacks,Variable Diario,Registro demostración - Comida
DEMO-20250220-0112,2025-02-20,76.5,Pedido de comida por app,Persona A,Comida,Delivery,Variable Diario,Registro demostración - Comida
DEMO-20250220-0113,2025-02-20,40.95,Viajes en Taxi / Transporte,Persona B,Transporte,Transporte Público/App,Variable Diario,Registro demostración - Transporte
DEMO-20250219-0110,2025-02-19,43.36,Viajes en Taxi / Transporte,Persona B,Transporte,Transporte Público/App,Variable Diario,Registro demostración - Transporte
DEMO-20250218-0109,2025-02-18,99.67,Medicamentos y cuidado personal,Persona A,Salud,Farmacia,Variable Diario,Registro demostración - Salud
DEMO-20250218-0108,2025-02-18,30.93,Viajes en Taxi / Transporte,Persona B,Transporte,Transporte Público/App,Variable Diario,Registro demostración - Transporte
DEMO-20250218-0107,2025-02-18,30.92,Café y postre,Persona B,Comida,Cafetería y Snacks,Variable Diario,Registro demostración - Comida
DEMO-20250217-0106,2025-02-17,80.26,Cine / Concierto / Teatro,Persona B,Ocio,Salidas y Eventos,Ocasional,Registro demostración - Ocio
DEMO-20250216-0105,2025-02-16,36.67,Viajes en Taxi / Transporte,Persona B,Transporte,Transporte Público/App,Variable Diario,Registro demostración - Transporte
DEMO-20250216-0104,2025-02-16,280.46,Compra semanal de alimentos y víveres,Persona B,Comida,Supermercado,Variable Diario,Registro demostración - Comida
DEMO-20250215-0103,2025-02-15,38.27,Viajes en Taxi / Transporte,Persona B,Transporte,Transporte Público/App,Variable Diario,Registro demostración - Transporte
DEMO-20250215-0101,2025-02-15,21.44,Café y postre,Persona B,Comida,Cafetería y Snacks,Variable Diario,Registro demostración - Comida
DEMO-20250215-0102,2025-02-15,69.87,Pedido de comida por app,Persona A,Comida,Delivery,Variable Diario,Registro demostración - Comida
DEMO-20250213-0100,2025-02-13,31.64,Café y postre,Persona B,Comida,Cafetería y Snacks,Variable Diario,Registro demostración - Comida
DEMO-20250212-0099,2025-02-12,25.98,Café y postre,Persona B,Comida,Cafetería y Snacks,Variable Diario,Registro demostración - Comida
DEMO-20250211-0098,2025-02-11,44.11,Viajes en Taxi / Transporte,Persona B,Transporte,Transporte Público/App,Variable Diario,Registro demostración - Transporte
DEMO-20250209-0095,2025-02-09,16.61,Café y postre,Persona B,Comida,Cafetería y Snacks,Variable Diario,Registro demostración - Comida
DEMO-20250209-0096,2025-02-09,56.6,Pedido de comida por app,Persona A,Comida,Delivery,Variable Diario,Registro demostración - Comida
DEMO-20250209-0097,2025-02-09,17.74,Viajes en Taxi / Transporte,Persona B,Transporte,Transporte Público/App,Variable Diario,Registro demostración - Transporte
DEMO-20250208-0094,2025-02-08,25.89,Café y postre,Persona B,Comida,Cafetería y Snacks,Variable Diario,Registro demostración - Comida
DEMO-20250207-0093,2025-02-07,32.81,Viajes en Taxi / Transporte,Persona B,Transporte,Transporte Público/App,Variable Diario,Registro demostración - Transporte
DEMO-20250207-0092,2025-02-07,120.21,Gasolina / Carga de combustible,Persona A,Transporte,Combustible,Variable Diario,Registro demostración - Transporte
DEMO-20250207-0091,2025-02-07,43.69,Pedido de comida por app,Persona A,Comida,Delivery,Variable Diario,Registro demostración - Comida
DEMO-20250207-0090,2025-02-07,28.21,Café y postre,Persona B,Comida,Cafetería y Snacks,Variable Diario,Registro demostración - Comida
DEMO-20250207-0089,2025-02-07,155.41,Artículos de limpieza y ferretería,Persona A,Hogar,Mantenimiento,Ocasional,Registro demostración - Hogar
DEMO-20250206-0088,2025-02-06,19.96,Café y postre,Persona B,Comida,Cafetería y Snacks,Variable Diario,Registro demostración - Comida
DEMO-20250206-0087,2025-02-06,77.9,Almuerzo/Cena fin de semana,Persona B,Comida,Restaurantes,Variable Diario,Registro demostración - Comida
DEMO-20250205-0082,2025-02-05,143.37,Gasolina / Carga de combustible,Persona A,Transporte,Combustible,Variable Diario,Registro demostración - Transporte
DEMO-20250205-0078,2025-02-05,1400.0,Alquiler de departamento,Persona B,Hogar,Alquiler,Fijo Mensual,Registro demostración - Hogar
DEMO-20250205-0079,2025-02-05,208.64,Recibo de Luz y Agua,Persona A,Hogar,Servicios Básicos,Fijo Mensual,Registro demostración - Hogar
DEMO-20250205-0080,2025-02-05,126.65,Internet fibra óptica y telefonía,Persona B,Hogar,Internet/Telefonía,Fijo Mensual,Registro demostración - Hogar
DEMO-20250205-0081,2025-02-05,37.28,Pedido de comida por app,Persona A,Comida,Delivery,Variable Diario,Registro demostración - Comida
DEMO-20250205-0086,2025-02-05,419.6,Aporte a fondo de inversión / ahorro,Persona B,Ahorro/Inversión,Fondo de Emergencia,Fijo Mensual,Registro demostración - Ahorro/Inversión
DEMO-20250205-0083,2025-02-05,52.53,Suscripción Netflix & Spotify,Persona A,Ocio,Streaming,Fijo Mensual,Registro demostración - Ocio
DEMO-20250205-0084,2025-02-05,62.75,Libros y entretenimiento,Persona B,Ocio,Hobbies,Ocasional,Registro demostración - Ocio
DEMO-20250205-0085,2025-02-05,267.11,Cuota amortización de deuda,Persona B,Deuda,Tarjeta de Crédito,Fijo Mensual,Registro demostración - Deuda
DEMO-20250204-0077,2025-02-04,36.64,Viajes en Taxi / Transporte,Persona B,Transporte,Transporte Público/App,Variable Diario,Registro demostración - Transporte
DEMO-20250203-0075,2025-02-03,29.28,Viajes en Taxi / Transporte,Persona B,Transporte,Transporte Público/App,Variable Diario,Registro demostración - Transporte
DEMO-20250203-0074,2025-02-03,19.83,Café y postre,Persona B,Comida,Cafetería y Snacks,Variable Diario,Registro demostración - Comida
DEMO-20250203-0076,2025-02-03,63.54,Libros y entretenimiento,Persona B,Ocio,Hobbies,Ocasional,Registro demostración - Ocio
DEMO-20250202-0073,2025-02-02,24.02,Café y postre,Persona B,Comida,Cafetería y Snacks,Variable Diario,Registro demostración - Comida
DEMO-20250202-0072,2025-02-02,162.21,Almuerzo/Cena fin de semana,Persona A,Comida,Restaurantes,Variable Diario,Registro demostración - Comida
DEMO-20250201-0071,2025-02-01,83.04,Pedido de comida por app,Persona A,Comida,Delivery,Variable Diario,Registro demostración - Comida
DEMO-20250131-0070,2025-01-31,28.81,Café y postre,Persona B,Comida,Cafetería y Snacks,Variable Diario,Registro demostración - Comida
DEMO-20250129-0069,2025-01-29,34.5,Viajes en Taxi / Transporte,Persona B,Transporte,Transporte Público/App,Variable Diario,Registro demostración - Transporte
DEMO-20250129-0068,2025-01-29,15.39,Café y postre,Persona B,Comida,Cafetería y Snacks,Variable Diario,Registro demostración - Comida
DEMO-20250128-0067,2025-01-28,34.28,Viajes en Taxi / Transporte,Persona B,Transporte,Transporte Público/App,Variable Diario,Registro demostración - Transporte
DEMO-20250128-0066,2025-01-28,54.7,Pedido de comida por app,Persona A,Comida,Delivery,Variable Diario,Registro demostración - Comida
DEMO-20250128-0065,2025-01-28,27.45,Café y postre,Persona B,Comida,Cafetería y Snacks,Variable Diario,Registro demostración - Comida
DEMO-20250127-0064,2025-01-27,102.21,Almuerzo/Cena fin de semana,Persona B,Comida,Restaurantes,Variable Diario,Registro demostración - Comida
DEMO-20250126-0061,2025-01-26,100.3,Almuerzo/Cena fin de semana,Persona A,Comida,Restaurantes,Variable Diario,Registro demostración - Comida
DEMO-20250126-0060,2025-01-26,267.97,Compra semanal de alimentos y víveres,Persona B,Comida,Supermercado,Variable Diario,Registro demostración - Comida
DEMO-20250126-0063,2025-01-26,27.23,Viajes en Taxi / Transporte,Persona B,Transporte,Transporte Público/App,Variable Diario,Registro demostración - Transporte
DEMO-20250126-0062,2025-01-26,19.63,Café y postre,Persona B,Comida,Cafetería y Snacks,Variable Diario,Registro demostración - Comida
DEMO-20250125-0059,2025-01-25,31.3,Café y postre,Persona B,Comida,Cafetería y Snacks,Variable Diario,Registro demostración - Comida
DEMO-20250124-0058,2025-01-24,39.12,Viajes en Taxi / Transporte,Persona B,Transporte,Transporte Público/App,Variable Diario,Registro demostración - Transporte
DEMO-20250123-0057,2025-01-23,217.59,Cine / Concierto / Teatro,Persona A,Ocio,Salidas y Eventos,Ocasional,Registro demostración - Ocio
DEMO-20250123-0056,2025-01-23,34.04,Café y postre,Persona B,Comida,Cafetería y Snacks,Variable Diario,Registro demostración - Comida
DEMO-20250123-0055,2025-01-23,121.85,Almuerzo/Cena fin de semana,Persona B,Comida,Restaurantes,Variable Diario,Registro demostración - Comida
DEMO-20250122-0054,2025-01-22,23.61,Viajes en Taxi / Transporte,Persona B,Transporte,Transporte Público/App,Variable Diario,Registro demostración - Transporte
DEMO-20250121-0053,2025-01-21,28.28,Café y postre,Persona B,Comida,Cafetería y Snacks,Variable Diario,Registro demostración - Comida
DEMO-20250120-0051,2025-01-20,33.19,Viajes en Taxi / Transporte,Persona B,Transporte,Transporte Público/App,Variable Diario,Registro demostración - Transporte
DEMO-20250120-0050,2025-01-20,17.17,Café y postre,Persona B,Comida,Cafetería y Snacks,Variable Diario,Registro demostración - Comida
DEMO-20250120-0052,2025-01-20,427.67,Curso online de especialización,Persona A,Educación,Cursos y Certificaciones,Ocasional,Registro demostración - Educación
DEMO-20250119-0048,2025-01-19,36.18,Pedido de comida por app,Persona A,Comida,Delivery,Variable Diario,Registro demostración - Comida
DEMO-20250119-0047,2025-01-19,30.91,Café y postre,Persona B,Comida,Cafetería y Snacks,Variable Diario,Registro demostración - Comida
DEMO-20250119-0049,2025-01-19,40.93,Viajes en Taxi / Transporte,Persona B,Transporte,Transporte Público/App,Variable Diario,Registro demostración - Transporte
DEMO-20250118-0046,2025-01-18,71.83,Pedido de comida por app,Persona A,Comida,Delivery,Variable Diario,Registro demostración - Comida
DEMO-20250118-0045,2025-01-18,79.5,Almuerzo/Cena fin de semana,Persona A,Comida,Restaurantes,Variable Diario,Registro demostración - Comida
DEMO-20250117-0044,2025-01-17,53.23,Pedido de comida por app,Persona A,Comida,Delivery,Variable Diario,Registro demostración - Comida
DEMO-20250117-0043,2025-01-17,104.31,Almuerzo/Cena fin de semana,Persona A,Comida,Restaurantes,Variable Diario,Registro demostración - Comida
DEMO-20250116-0042,2025-01-16,185.67,Cine / Concierto / Teatro,Persona B,Ocio,Salidas y Eventos,Ocasional,Registro demostración - Ocio
DEMO-20250116-0041,2025-01-16,27.71,Viajes en Taxi / Transporte,Persona B,Transporte,Transporte Público/App,Variable Diario,Registro demostración - Transporte
DEMO-20250115-0040,2025-01-15,34.9,Viajes en Taxi / Transporte,Persona B,Transporte,Transporte Público/App,Variable Diario,Registro demostración - Transporte
DEMO-20250115-0039,2025-01-15,185.37,Gasolina / Carga de combustible,Persona A,Transporte,Combustible,Variable Diario,Registro demostración - Transporte
DEMO-20250114-0038,2025-01-14,57.91,Pedido de comida por app,Persona A,Comida,Delivery,Variable Diario,Registro demostración - Comida
DEMO-20250114-0037,2025-01-14,30.04,Café y postre,Persona B,Comida,Cafetería y Snacks,Variable Diario,Registro demostración - Comida
DEMO-20250114-0036,2025-01-14,137.46,Almuerzo/Cena fin de semana,Persona B,Comida,Restaurantes,Variable Diario,Registro demostración - Comida
DEMO-20250113-0034,2025-01-13,43.25,Viajes en Taxi / Transporte,Persona B,Transporte,Transporte Público/App,Variable Diario,Registro demostración - Transporte
DEMO-20250113-0032,2025-01-13,175.29,Almuerzo/Cena fin de semana,Persona A,Comida,Restaurantes,Variable Diario,Registro demostración - Comida
DEMO-20250113-0033,2025-01-13,38.4,Pedido de comida por app,Persona A,Comida,Delivery,Variable Diario,Registro demostración - Comida
DEMO-20250113-0035,2025-01-13,46.56,Libros y entretenimiento,Persona B,Ocio,Hobbies,Ocasional,Registro demostración - Ocio
DEMO-20250112-0031,2025-01-12,34.15,Café y postre,Persona B,Comida,Cafetería y Snacks,Variable Diario,Registro demostración - Comida
DEMO-20250111-0029,2025-01-11,156.96,Almuerzo/Cena fin de semana,Persona A,Comida,Restaurantes,Variable Diario,Registro demostración - Comida
DEMO-20250111-0030,2025-01-11,34.99,Café y postre,Persona B,Comida,Cafetería y Snacks,Variable Diario,Registro demostración - Comida
DEMO-20250110-0028,2025-01-10,172.28,Gasolina / Carga de combustible,Persona A,Transporte,Combustible,Variable Diario,Registro demostración - Transporte
DEMO-20250110-0027,2025-01-10,111.73,Almuerzo/Cena fin de semana,Persona B,Comida,Restaurantes,Variable Diario,Registro demostración - Comida
DEMO-20250109-0026,2025-01-09,105.7,Cine / Concierto / Teatro,Persona B,Ocio,Salidas y Eventos,Ocasional,Registro demostración - Ocio
DEMO-20250109-0025,2025-01-09,66.56,Pedido de comida por app,Persona A,Comida,Delivery,Variable Diario,Registro demostración - Comida
DEMO-20250109-0024,2025-01-09,19.4,Café y postre,Persona B,Comida,Cafetería y Snacks,Variable Diario,Registro demostración - Comida
DEMO-20250108-0023,2025-01-08,311.95,Compra semanal de alimentos y víveres,Persona A,Comida,Supermercado,Variable Diario,Registro demostración - Comida
DEMO-20250107-0022,2025-01-07,44.56,Viajes en Taxi / Transporte,Persona B,Transporte,Transporte Público/App,Variable Diario,Registro demostración - Transporte
DEMO-20250107-0021,2025-01-07,174.42,Almuerzo/Cena fin de semana,Persona A,Comida,Restaurantes,Variable Diario,Registro demostración - Comida
DEMO-20250106-0020,2025-01-06,36.66,Viajes en Taxi / Transporte,Persona B,Transporte,Transporte Público/App,Variable Diario,Registro demostración - Transporte
DEMO-20250106-0019,2025-01-06,356.96,Compra semanal de alimentos y víveres,Persona B,Comida,Supermercado,Variable Diario,Registro demostración - Comida
DEMO-20250105-0014,2025-01-05,26.67,Café y postre,Persona B,Comida,Cafetería y Snacks,Variable Diario,Registro demostración - Comida
DEMO-20250105-0011,2025-01-05,201.93,Recibo de Luz y Agua,Persona A,Hogar,Servicios Básicos,Fijo Mensual,Registro demostración - Hogar
DEMO-20250105-0012,2025-01-05,122.86,Internet fibra óptica y telefonía,Persona B,Hogar,Internet/Telefonía,Fijo Mensual,Registro demostración - Hogar
DEMO-20250105-0013,2025-01-05,329.0,Compra semanal de alimentos y víveres,Persona B,Comida,Supermercado,Variable Diario,Registro demostración - Comida
DEMO-20250105-0010,2025-01-05,1400.0,Alquiler de departamento,Persona B,Hogar,Alquiler,Fijo Mensual,Registro demostración - Hogar
DEMO-20250105-0015,2025-01-05,29.81,Viajes en Taxi / Transporte,Persona B,Transporte,Transporte Público/App,Variable Diario,Registro demostración - Transporte
DEMO-20250105-0016,2025-01-05,53.61,Suscripción Netflix & Spotify,Persona A,Ocio,Streaming,Fijo Mensual,Registro demostración - Ocio
DEMO-20250105-0017,2025-01-05,287.71,Cuota amortización de deuda,Persona B,Deuda,Tarjeta de Crédito,Fijo Mensual,Registro demostración - Deuda
DEMO-20250105-0018,2025-01-05,565.97,Aporte a fondo de inversión / ahorro,Persona A,Ahorro/Inversión,Fondo de Emergencia,Fijo Mensual,Registro demostración - Ahorro/Inversión
DEMO-20250104-0009,2025-01-04,65.24,Libros y entretenimiento,Persona B,Ocio,Hobbies,Ocasional,Registro demostración - Ocio
DEMO-20250104-0008,2025-01-04,272.45,Compra semanal de alimentos y víveres,Persona B,Comida,Supermercado,Variable Diario,Registro demostración - Comida
DEMO-20250103-0007,2025-01-03,28.6,Viajes en Taxi / Transporte,Persona B,Transporte,Transporte Público/App,Variable Diario,Registro demostración - Transporte
DEMO-20250103-0006,2025-01-03,139.35,Almuerzo/Cena fin de semana,Persona B,Comida,Restaurantes,Variable Diario,Registro demostración - Comida
DEMO-20250102-0004,2025-01-02,54.0,Pedido de comida por app,Persona A,Comida,Delivery,Variable Diario,Registro demostración - Comida
DEMO-20250102-0003,2025-01-02,30.27,Café y postre,Persona B,Comida,Cafetería y Snacks,Variable Diario,Registro demostración - Comida
DEMO-20250102-0005,2025-01-02,22.94,Viajes en Taxi / Transporte,Persona B,Transporte,Transporte Público/App,Variable Diario,Registro demostración - Transporte
DEMO-20250101-0002,2025-01-01,39.68,Pedido de comida por app,Persona A,Comida,Delivery,Variable Diario,Registro demostración - Comida
DEMO-20250101-0001,2025-01-01,72.3,Almuerzo/Cena fin de semana,Persona A,Comida,Restaurantes,Variable Diario,Registro demostración - Comida
DEMO-20250101-0000,2025-01-01,235.01,Compra semanal de alimentos y víveres,Persona A,Comida,Supermercado,Variable Diario,Registro demostración - Comida
